rider_id,time_interval_link
1003912.0,https://www.strava.com/pros/1003912#graph_date_range?chart_type=miles&interval_type=week&interval=202101&year_offset=1
1003912.0,https://www.strava.com/pros/1003912#graph_date_range?chart_type=miles&interval_type=week&interval=202001&year_offset=2
1003912.0,https://www.strava.com/pros/1003912#graph_date_range?chart_type=miles&interval_type=week&interval=201901&year_offset=3
1003912.0,https://www.strava.com/pros/1003912#graph_date_range?chart_type=miles&interval_type=week&interval=201801&year_offset=4
1003912.0,https://www.strava.com/pros/1003912#graph_date_range?chart_type=miles&interval_type=week&interval=201701&year_offset=5
1003912.0,https://www.strava.com/pros/1003912#graph_date_range?chart_type=miles&interval_type=week&interval=201601&year_offset=6
1003912.0,https://www.strava.com/pros/1003912#graph_date_range?chart_type=miles&interval_type=week&interval=201501&year_offset=7
1003912.0,https://www.strava.com/pros/1003912#graph_date_range?chart_type=miles&interval_type=week&interval=201401&year_offset=8
1003912.0,https://www.strava.com/pros/1003912#graph_date_range?chart_type=miles&interval_type=week&interval=201301&year_offset=9
1003912.0,https://www.strava.com/pros/1003912#graph_date_range?chart_type=miles&interval_type=week&interval=201201&year_offset=10
1003912.0,https://www.strava.com/pros/1003912#graph_date_range?chart_type=miles&interval_type=week&interval=201101&year_offset=11
1005431.0,https://www.strava.com/pros/1005431#graph_date_range?chart_type=miles&interval_type=week&interval=202101&year_offset=1
1005431.0,https://www.strava.com/pros/1005431#graph_date_range?chart_type=miles&interval_type=week&interval=202001&year_offset=2
1005431.0,https://www.strava.com/pros/1005431#graph_date_range?chart_type=miles&interval_type=week&interval=201901&year_offset=3
1005431.0,https://www.strava.com/pros/1005431#graph_date_range?chart_type=miles&interval_type=week&interval=201801&year_offset=4
1005431.0,https://www.strava.com/pros/1005431#graph_date_range?chart_type=miles&interval_type=week&interval=201701&year_offset=5
1005431.0,https://www.strava.com/pros/1005431#graph_date_range?chart_type=miles&interval_type=week&interval=201601&year_offset=6
1005431.0,https://www.strava.com/pros/1005431#graph_date_range?chart_type=miles&interval_type=week&interval=201501&year_offset=7
1005431.0,https://www.strava.com/pros/1005431#graph_date_range?chart_type=miles&interval_type=week&interval=201401&year_offset=8
1005431.0,https://www.strava.com/pros/1005431#graph_date_range?chart_type=miles&interval_type=week&interval=201301&year_offset=9
1005431.0,https://www.strava.com/pros/1005431#graph_date_range?chart_type=miles&interval_type=week&interval=201201&year_offset=10
1005431.0,https://www.strava.com/pros/1005431#graph_date_range?chart_type=miles&interval_type=week&interval=201101&year_offset=11
1005431.0,https://www.strava.com/pros/1005431#graph_date_range?chart_type=miles&interval_type=week&interval=201001&year_offset=12
10445770.0,https://www.strava.com/athletes/10445770#graph_date_range?chart_type=miles&interval_type=week&interval=202101&year_offset=1
10445770.0,https://www.strava.com/athletes/10445770#graph_date_range?chart_type=miles&interval_type=week&interval=202001&year_offset=2
10445770.0,https://www.strava.com/athletes/10445770#graph_date_range?chart_type=miles&interval_type=week&interval=201901&year_offset=3
10445770.0,https://www.strava.com/athletes/10445770#graph_date_range?chart_type=miles&interval_type=week&interval=201801&year_offset=4
10445770.0,https://www.strava.com/athletes/10445770#graph_date_range?chart_type=miles&interval_type=week&interval=201701&year_offset=5
10445770.0,https://www.strava.com/athletes/10445770#graph_date_range?chart_type=miles&interval_type=week&interval=201601&year_offset=6
1059089.0,https://www.strava.com/pros/1059089#graph_date_range?chart_type=miles&interval_type=week&interval=202101&year_offset=1
1059089.0,https://www.strava.com/pros/1059089#graph_date_range?chart_type=miles&interval_type=week&interval=202001&year_offset=2
1059089.0,https://www.strava.com/pros/1059089#graph_date_range?chart_type=miles&interval_type=week&interval=201901&year_offset=3
1059089.0,https://www.strava.com/pros/1059089#graph_date_range?chart_type=miles&interval_type=week&interval=201801&year_offset=4
1059089.0,https://www.strava.com/pros/1059089#graph_date_range?chart_type=miles&interval_type=week&interval=201701&year_offset=5
1059089.0,https://www.strava.com/pros/1059089#graph_date_range?chart_type=miles&interval_type=week&interval=201601&year_offset=6
1059089.0,https://www.strava.com/pros/1059089#graph_date_range?chart_type=miles&interval_type=week&interval=201501&year_offset=7
1059089.0,https://www.strava.com/pros/1059089#graph_date_range?chart_type=miles&interval_type=week&interval=201401&year_offset=8
1059089.0,https://www.strava.com/pros/1059089#graph_date_range?chart_type=miles&interval_type=week&interval=201301&year_offset=9
1059089.0,https://www.strava.com/pros/1059089#graph_date_range?chart_type=miles&interval_type=week&interval=201201&year_offset=10
1059089.0,https://www.strava.com/pros/1059089#graph_date_range?chart_type=miles&interval_type=week&interval=201101&year_offset=11
1059089.0,https://www.strava.com/pros/1059089#graph_date_range?chart_type=miles&interval_type=week&interval=201001&year_offset=12
10847439.0,https://www.strava.com/pros/10847439#graph_date_range?chart_type=miles&interval_type=week&interval=202101&year_offset=1
10847439.0,https://www.strava.com/pros/10847439#graph_date_range?chart_type=miles&interval_type=week&interval=202001&year_offset=2
10847439.0,https://www.strava.com/pros/10847439#graph_date_range?chart_type=miles&interval_type=week&interval=201901&year_offset=3
10847439.0,https://www.strava.com/pros/10847439#graph_date_range?chart_type=miles&interval_type=week&interval=201801&year_offset=4
10847439.0,https://www.strava.com/pros/10847439#graph_date_range?chart_type=miles&interval_type=week&interval=201701&year_offset=5
10847439.0,https://www.strava.com/pros/10847439#graph_date_range?chart_type=miles&interval_type=week&interval=201601&year_offset=6
1150402.0,https://www.strava.com/pros/1150402#graph_date_range?chart_type=miles&interval_type=week&interval=202101&year_offset=1
1150402.0,https://www.strava.com/pros/1150402#graph_date_range?chart_type=miles&interval_type=week&interval=202001&year_offset=2
1150402.0,https://www.strava.com/pros/1150402#graph_date_range?chart_type=miles&interval_type=week&interval=201901&year_offset=3
1150402.0,https://www.strava.com/pros/1150402#graph_date_range?chart_type=miles&interval_type=week&interval=201801&year_offset=4
1150402.0,https://www.strava.com/pros/1150402#graph_date_range?chart_type=miles&interval_type=week&interval=201701&year_offset=5
1150402.0,https://www.strava.com/pros/1150402#graph_date_range?chart_type=miles&interval_type=week&interval=201601&year_offset=6
1150402.0,https://www.strava.com/pros/1150402#graph_date_range?chart_type=miles&interval_type=week&interval=201501&year_offset=7
1150402.0,https://www.strava.com/pros/1150402#graph_date_range?chart_type=miles&interval_type=week&interval=201401&year_offset=8
1150402.0,https://www.strava.com/pros/1150402#graph_date_range?chart_type=miles&interval_type=week&interval=201301&year_offset=9
11516170.0,https://www.strava.com/athletes/11516170#graph_date_range?chart_type=miles&interval_type=week&interval=202101&year_offset=1
11516170.0,https://www.strava.com/athletes/11516170#graph_date_range?chart_type=miles&interval_type=week&interval=202001&year_offset=2
11516170.0,https://www.strava.com/athletes/11516170#graph_date_range?chart_type=miles&interval_type=week&interval=201901&year_offset=3
11516170.0,https://www.strava.com/athletes/11516170#graph_date_range?chart_type=miles&interval_type=week&interval=201801&year_offset=4
11516170.0,https://www.strava.com/athletes/11516170#graph_date_range?chart_type=miles&interval_type=week&interval=201701&year_offset=5
11516170.0,https://www.strava.com/athletes/11516170#graph_date_range?chart_type=miles&interval_type=week&interval=201601&year_offset=6
11516170.0,https://www.strava.com/athletes/11516170#graph_date_range?chart_type=miles&interval_type=week&interval=201501&year_offset=7
12243285.0,https://www.strava.com/pros/12243285#graph_date_range?chart_type=miles&interval_type=week&interval=202052&year_offset=1
12243285.0,https://www.strava.com/pros/12243285#graph_date_range?chart_type=miles&interval_type=week&interval=201952&year_offset=2
12243285.0,https://www.strava.com/pros/12243285#graph_date_range?chart_type=miles&interval_type=week&interval=201852&year_offset=3
12243285.0,https://www.strava.com/pros/12243285#graph_date_range?chart_type=miles&interval_type=week&interval=201752&year_offset=4
12243285.0,https://www.strava.com/pros/12243285#graph_date_range?chart_type=miles&interval_type=week&interval=201652&year_offset=5
12243285.0,https://www.strava.com/pros/12243285#graph_date_range?chart_type=miles&interval_type=week&interval=201552&year_offset=6
12572856.0,https://www.strava.com/pros/12572856#graph_date_range?chart_type=miles&interval_type=week&interval=202101&year_offset=1
12572856.0,https://www.strava.com/pros/12572856#graph_date_range?chart_type=miles&interval_type=week&interval=202001&year_offset=2
12572856.0,https://www.strava.com/pros/12572856#graph_date_range?chart_type=miles&interval_type=week&interval=201901&year_offset=3
12572856.0,https://www.strava.com/pros/12572856#graph_date_range?chart_type=miles&interval_type=week&interval=201801&year_offset=4
12572856.0,https://www.strava.com/pros/12572856#graph_date_range?chart_type=miles&interval_type=week&interval=201701&year_offset=5
12572856.0,https://www.strava.com/pros/12572856#graph_date_range?chart_type=miles&interval_type=week&interval=201601&year_offset=6
12572856.0,https://www.strava.com/pros/12572856#graph_date_range?chart_type=miles&interval_type=week&interval=201501&year_offset=7
12572856.0,https://www.strava.com/pros/12572856#graph_date_range?chart_type=miles&interval_type=week&interval=201401&year_offset=8
12572856.0,https://www.strava.com/pros/12572856#graph_date_range?chart_type=miles&interval_type=week&interval=201301&year_offset=9
12572856.0,https://www.strava.com/pros/12572856#graph_date_range?chart_type=miles&interval_type=week&interval=201201&year_offset=10
12572856.0,https://www.strava.com/pros/12572856#graph_date_range?chart_type=miles&interval_type=week&interval=201101&year_offset=11
12572856.0,https://www.strava.com/pros/12572856#graph_date_range?chart_type=miles&interval_type=week&interval=201001&year_offset=12
12572856.0,https://www.strava.com/pros/12572856#graph_date_range?chart_type=miles&interval_type=week&interval=200901&year_offset=13
12572856.0,https://www.strava.com/pros/12572856#graph_date_range?chart_type=miles&interval_type=week&interval=200801&year_offset=14
12572856.0,https://www.strava.com/pros/12572856#graph_date_range?chart_type=miles&interval_type=week&interval=200701&year_offset=15
12572856.0,https://www.strava.com/pros/12572856#graph_date_range?chart_type=miles&interval_type=week&interval=200601&year_offset=16
12572856.0,https://www.strava.com/pros/12572856#graph_date_range?chart_type=miles&interval_type=week&interval=200501&year_offset=17
12572856.0,https://www.strava.com/pros/12572856#graph_date_range?chart_type=miles&interval_type=week&interval=200401&year_offset=18
12572856.0,https://www.strava.com/pros/12572856#graph_date_range?chart_type=miles&interval_type=week&interval=200301&year_offset=19
12572856.0,https://www.strava.com/pros/12572856#graph_date_range?chart_type=miles&interval_type=week&interval=200201&year_offset=20
12572856.0,https://www.strava.com/pros/12572856#graph_date_range?chart_type=miles&interval_type=week&interval=200101&year_offset=21
13429898.0,https://www.strava.com/athletes/13429898#graph_date_range?chart_type=miles&interval_type=week&interval=202101&year_offset=1
13429898.0,https://www.strava.com/athletes/13429898#graph_date_range?chart_type=miles&interval_type=week&interval=202001&year_offset=2
13429898.0,https://www.strava.com/athletes/13429898#graph_date_range?chart_type=miles&interval_type=week&interval=201901&year_offset=3
13429898.0,https://www.strava.com/athletes/13429898#graph_date_range?chart_type=miles&interval_type=week&interval=201801&year_offset=4
13429898.0,https://www.strava.com/athletes/13429898#graph_date_range?chart_type=miles&interval_type=week&interval=201701&year_offset=5
134614.0,https://www.strava.com/pros/134614#graph_date_range?chart_type=miles&interval_type=week&interval=202101&year_offset=1
134614.0,https://www.strava.com/pros/134614#graph_date_range?chart_type=miles&interval_type=week&interval=202001&year_offset=2
134614.0,https://www.strava.com/pros/134614#graph_date_range?chart_type=miles&interval_type=week&interval=201901&year_offset=3
134614.0,https://www.strava.com/pros/134614#graph_date_range?chart_type=miles&interval_type=week&interval=201801&year_offset=4
134614.0,https://www.strava.com/pros/134614#graph_date_range?chart_type=miles&interval_type=week&interval=201701&year_offset=5
134614.0,https://www.strava.com/pros/134614#graph_date_range?chart_type=miles&interval_type=week&interval=201601&year_offset=6
134614.0,https://www.strava.com/pros/134614#graph_date_range?chart_type=miles&interval_type=week&interval=201501&year_offset=7
134614.0,https://www.strava.com/pros/134614#graph_date_range?chart_type=miles&interval_type=week&interval=201401&year_offset=8
134614.0,https://www.strava.com/pros/134614#graph_date_range?chart_type=miles&interval_type=week&interval=201301&year_offset=9
134614.0,https://www.strava.com/pros/134614#graph_date_range?chart_type=miles&interval_type=week&interval=201201&year_offset=10
134614.0,https://www.strava.com/pros/134614#graph_date_range?chart_type=miles&interval_type=week&interval=201101&year_offset=11
134614.0,https://www.strava.com/pros/134614#graph_date_range?chart_type=miles&interval_type=week&interval=201001&year_offset=12
134614.0,https://www.strava.com/pros/134614#graph_date_range?chart_type=miles&interval_type=week&interval=200901&year_offset=13
134614.0,https://www.strava.com/pros/134614#graph_date_range?chart_type=miles&interval_type=week&interval=200801&year_offset=14
134614.0,https://www.strava.com/pros/134614#graph_date_range?chart_type=miles&interval_type=week&interval=200701&year_offset=15
134614.0,https://www.strava.com/pros/134614#graph_date_range?chart_type=miles&interval_type=week&interval=200601&year_offset=16
134614.0,https://www.strava.com/pros/134614#graph_date_range?chart_type=miles&interval_type=week&interval=200501&year_offset=17
134614.0,https://www.strava.com/pros/134614#graph_date_range?chart_type=miles&interval_type=week&interval=200401&year_offset=18
134614.0,https://www.strava.com/pros/134614#graph_date_range?chart_type=miles&interval_type=week&interval=200301&year_offset=19
134614.0,https://www.strava.com/pros/134614#graph_date_range?chart_type=miles&interval_type=week&interval=200201&year_offset=20
134614.0,https://www.strava.com/pros/134614#graph_date_range?chart_type=miles&interval_type=week&interval=200101&year_offset=21
134614.0,https://www.strava.com/pros/134614#graph_date_range?chart_type=miles&interval_type=week&interval=200001&year_offset=22
134614.0,https://www.strava.com/pros/134614#graph_date_range?chart_type=miles&interval_type=week&interval=199901&year_offset=23
134614.0,https://www.strava.com/pros/134614#graph_date_range?chart_type=miles&interval_type=week&interval=199801&year_offset=24
134614.0,https://www.strava.com/pros/134614#graph_date_range?chart_type=miles&interval_type=week&interval=199701&year_offset=25
134614.0,https://www.strava.com/pros/134614#graph_date_range?chart_type=miles&interval_type=week&interval=199601&year_offset=26
134614.0,https://www.strava.com/pros/134614#graph_date_range?chart_type=miles&interval_type=week&interval=199501&year_offset=27
134614.0,https://www.strava.com/pros/134614#graph_date_range?chart_type=miles&interval_type=week&interval=199401&year_offset=28
134614.0,https://www.strava.com/pros/134614#graph_date_range?chart_type=miles&interval_type=week&interval=199301&year_offset=29
134614.0,https://www.strava.com/pros/134614#graph_date_range?chart_type=miles&interval_type=week&interval=199201&year_offset=30
134614.0,https://www.strava.com/pros/134614#graph_date_range?chart_type=miles&interval_type=week&interval=199101&year_offset=31
134614.0,https://www.strava.com/pros/134614#graph_date_range?chart_type=miles&interval_type=week&interval=199001&year_offset=32
1492619.0,https://www.strava.com/athletes/1492619#graph_date_range?chart_type=miles&interval_type=week&interval=202049&year_offset=1
1492619.0,https://www.strava.com/athletes/1492619#graph_date_range?chart_type=miles&interval_type=week&interval=201949&year_offset=2
1492619.0,https://www.strava.com/athletes/1492619#graph_date_range?chart_type=miles&interval_type=week&interval=201849&year_offset=3
1492619.0,https://www.strava.com/athletes/1492619#graph_date_range?chart_type=miles&interval_type=week&interval=201749&year_offset=4
1492619.0,https://www.strava.com/athletes/1492619#graph_date_range?chart_type=miles&interval_type=week&interval=201649&year_offset=5
1492619.0,https://www.strava.com/athletes/1492619#graph_date_range?chart_type=miles&interval_type=week&interval=201549&year_offset=6
1492619.0,https://www.strava.com/athletes/1492619#graph_date_range?chart_type=miles&interval_type=week&interval=201449&year_offset=7
1492619.0,https://www.strava.com/athletes/1492619#graph_date_range?chart_type=miles&interval_type=week&interval=201349&year_offset=8
1492619.0,https://www.strava.com/athletes/1492619#graph_date_range?chart_type=miles&interval_type=week&interval=201249&year_offset=9
1492619.0,https://www.strava.com/athletes/1492619#graph_date_range?chart_type=miles&interval_type=week&interval=201149&year_offset=10
1492619.0,https://www.strava.com/athletes/1492619#graph_date_range?chart_type=miles&interval_type=week&interval=201049&year_offset=11
1492619.0,https://www.strava.com/athletes/1492619#graph_date_range?chart_type=miles&interval_type=week&interval=200949&year_offset=12
15718993.0,https://www.strava.com/athletes/15718993#graph_date_range?chart_type=miles&interval_type=week&interval=202050&year_offset=1
15718993.0,https://www.strava.com/athletes/15718993#graph_date_range?chart_type=miles&interval_type=week&interval=201950&year_offset=2
15718993.0,https://www.strava.com/athletes/15718993#graph_date_range?chart_type=miles&interval_type=week&interval=201850&year_offset=3
15718993.0,https://www.strava.com/athletes/15718993#graph_date_range?chart_type=miles&interval_type=week&interval=201750&year_offset=4
15718993.0,https://www.strava.com/athletes/15718993#graph_date_range?chart_type=miles&interval_type=week&interval=201650&year_offset=5
1577875.0,https://www.strava.com/athletes/1577875#graph_date_range?chart_type=miles&interval_type=week&interval=202101&year_offset=1
1577875.0,https://www.strava.com/athletes/1577875#graph_date_range?chart_type=miles&interval_type=week&interval=202001&year_offset=2
1577875.0,https://www.strava.com/athletes/1577875#graph_date_range?chart_type=miles&interval_type=week&interval=201901&year_offset=3
1577875.0,https://www.strava.com/athletes/1577875#graph_date_range?chart_type=miles&interval_type=week&interval=201801&year_offset=4
1577875.0,https://www.strava.com/athletes/1577875#graph_date_range?chart_type=miles&interval_type=week&interval=201701&year_offset=5
1577875.0,https://www.strava.com/athletes/1577875#graph_date_range?chart_type=miles&interval_type=week&interval=201601&year_offset=6
1577875.0,https://www.strava.com/athletes/1577875#graph_date_range?chart_type=miles&interval_type=week&interval=201501&year_offset=7
1577875.0,https://www.strava.com/athletes/1577875#graph_date_range?chart_type=miles&interval_type=week&interval=201401&year_offset=8
1577875.0,https://www.strava.com/athletes/1577875#graph_date_range?chart_type=miles&interval_type=week&interval=201301&year_offset=9
1703812.0,https://www.strava.com/pros/1703812#graph_date_range?chart_type=miles&interval_type=week&interval=202101&year_offset=1
1703812.0,https://www.strava.com/pros/1703812#graph_date_range?chart_type=miles&interval_type=week&interval=202001&year_offset=2
1703812.0,https://www.strava.com/pros/1703812#graph_date_range?chart_type=miles&interval_type=week&interval=201901&year_offset=3
1703812.0,https://www.strava.com/pros/1703812#graph_date_range?chart_type=miles&interval_type=week&interval=201801&year_offset=4
1703812.0,https://www.strava.com/pros/1703812#graph_date_range?chart_type=miles&interval_type=week&interval=201701&year_offset=5
1703812.0,https://www.strava.com/pros/1703812#graph_date_range?chart_type=miles&interval_type=week&interval=201601&year_offset=6
1703812.0,https://www.strava.com/pros/1703812#graph_date_range?chart_type=miles&interval_type=week&interval=201501&year_offset=7
1703812.0,https://www.strava.com/pros/1703812#graph_date_range?chart_type=miles&interval_type=week&interval=201401&year_offset=8
1703812.0,https://www.strava.com/pros/1703812#graph_date_range?chart_type=miles&interval_type=week&interval=201301&year_offset=9
1714205.0,https://www.strava.com/pros/1714205#graph_date_range?chart_type=miles&interval_type=week&interval=202101&year_offset=1
1714205.0,https://www.strava.com/pros/1714205#graph_date_range?chart_type=miles&interval_type=week&interval=202001&year_offset=2
1714205.0,https://www.strava.com/pros/1714205#graph_date_range?chart_type=miles&interval_type=week&interval=201901&year_offset=3
1714205.0,https://www.strava.com/pros/1714205#graph_date_range?chart_type=miles&interval_type=week&interval=201801&year_offset=4
1714205.0,https://www.strava.com/pros/1714205#graph_date_range?chart_type=miles&interval_type=week&interval=201701&year_offset=5
1714205.0,https://www.strava.com/pros/1714205#graph_date_range?chart_type=miles&interval_type=week&interval=201601&year_offset=6
1714205.0,https://www.strava.com/pros/1714205#graph_date_range?chart_type=miles&interval_type=week&interval=201501&year_offset=7
1714205.0,https://www.strava.com/pros/1714205#graph_date_range?chart_type=miles&interval_type=week&interval=201401&year_offset=8
174573.0,https://www.strava.com/pros/174573#graph_date_range?chart_type=miles&interval_type=week&interval=202101&year_offset=1
174573.0,https://www.strava.com/pros/174573#graph_date_range?chart_type=miles&interval_type=week&interval=202001&year_offset=2
174573.0,https://www.strava.com/pros/174573#graph_date_range?chart_type=miles&interval_type=week&interval=201901&year_offset=3
174573.0,https://www.strava.com/pros/174573#graph_date_range?chart_type=miles&interval_type=week&interval=201801&year_offset=4
174573.0,https://www.strava.com/pros/174573#graph_date_range?chart_type=miles&interval_type=week&interval=201701&year_offset=5
174573.0,https://www.strava.com/pros/174573#graph_date_range?chart_type=miles&interval_type=week&interval=201601&year_offset=6
174573.0,https://www.strava.com/pros/174573#graph_date_range?chart_type=miles&interval_type=week&interval=201501&year_offset=7
174573.0,https://www.strava.com/pros/174573#graph_date_range?chart_type=miles&interval_type=week&interval=201401&year_offset=8
174573.0,https://www.strava.com/pros/174573#graph_date_range?chart_type=miles&interval_type=week&interval=201301&year_offset=9
174573.0,https://www.strava.com/pros/174573#graph_date_range?chart_type=miles&interval_type=week&interval=201201&year_offset=10
174573.0,https://www.strava.com/pros/174573#graph_date_range?chart_type=miles&interval_type=week&interval=201101&year_offset=11
18311935.0,https://www.strava.com/pros/18311935#graph_date_range?chart_type=miles&interval_type=week&interval=202101&year_offset=1
18311935.0,https://www.strava.com/pros/18311935#graph_date_range?chart_type=miles&interval_type=week&interval=202001&year_offset=2
18311935.0,https://www.strava.com/pros/18311935#graph_date_range?chart_type=miles&interval_type=week&interval=201901&year_offset=3
18311935.0,https://www.strava.com/pros/18311935#graph_date_range?chart_type=miles&interval_type=week&interval=201801&year_offset=4
18311935.0,https://www.strava.com/pros/18311935#graph_date_range?chart_type=miles&interval_type=week&interval=201701&year_offset=5
19150197.0,https://www.strava.com/pros/19150197#graph_date_range?chart_type=miles&interval_type=week&interval=202051&year_offset=1
19150197.0,https://www.strava.com/pros/19150197#graph_date_range?chart_type=miles&interval_type=week&interval=201951&year_offset=2
19150197.0,https://www.strava.com/pros/19150197#graph_date_range?chart_type=miles&interval_type=week&interval=201851&year_offset=3
19150197.0,https://www.strava.com/pros/19150197#graph_date_range?chart_type=miles&interval_type=week&interval=201751&year_offset=4
2006007.0,https://www.strava.com/athletes/2006007#graph_date_range?chart_type=miles&interval_type=week&interval=202101&year_offset=1
2006007.0,https://www.strava.com/athletes/2006007#graph_date_range?chart_type=miles&interval_type=week&interval=202001&year_offset=2
2006007.0,https://www.strava.com/athletes/2006007#graph_date_range?chart_type=miles&interval_type=week&interval=201901&year_offset=3
2006007.0,https://www.strava.com/athletes/2006007#graph_date_range?chart_type=miles&interval_type=week&interval=201801&year_offset=4
2006007.0,https://www.strava.com/athletes/2006007#graph_date_range?chart_type=miles&interval_type=week&interval=201701&year_offset=5
2006007.0,https://www.strava.com/athletes/2006007#graph_date_range?chart_type=miles&interval_type=week&interval=201601&year_offset=6
2006007.0,https://www.strava.com/athletes/2006007#graph_date_range?chart_type=miles&interval_type=week&interval=201501&year_offset=7
2009928.0,https://www.strava.com/athletes/2009928#graph_date_range?chart_type=miles&interval_type=week&interval=202001&year_offset=1
2009928.0,https://www.strava.com/athletes/2009928#graph_date_range?chart_type=miles&interval_type=week&interval=201901&year_offset=2
2009928.0,https://www.strava.com/athletes/2009928#graph_date_range?chart_type=miles&interval_type=week&interval=201801&year_offset=3
2009928.0,https://www.strava.com/athletes/2009928#graph_date_range?chart_type=miles&interval_type=week&interval=201701&year_offset=4
2009928.0,https://www.strava.com/athletes/2009928#graph_date_range?chart_type=miles&interval_type=week&interval=201601&year_offset=5
2009928.0,https://www.strava.com/athletes/2009928#graph_date_range?chart_type=miles&interval_type=week&interval=201501&year_offset=6
2009928.0,https://www.strava.com/athletes/2009928#graph_date_range?chart_type=miles&interval_type=week&interval=201401&year_offset=7
2009928.0,https://www.strava.com/athletes/2009928#graph_date_range?chart_type=miles&interval_type=week&interval=201301&year_offset=8
2009928.0,https://www.strava.com/athletes/2009928#graph_date_range?chart_type=miles&interval_type=week&interval=201201&year_offset=9
2009928.0,https://www.strava.com/athletes/2009928#graph_date_range?chart_type=miles&interval_type=week&interval=201101&year_offset=10
2009928.0,https://www.strava.com/athletes/2009928#graph_date_range?chart_type=miles&interval_type=week&interval=201001&year_offset=11
2009928.0,https://www.strava.com/athletes/2009928#graph_date_range?chart_type=miles&interval_type=week&interval=200901&year_offset=12
2009928.0,https://www.strava.com/athletes/2009928#graph_date_range?chart_type=miles&interval_type=week&interval=200801&year_offset=13
2009928.0,https://www.strava.com/athletes/2009928#graph_date_range?chart_type=miles&interval_type=week&interval=200701&year_offset=14
2009928.0,https://www.strava.com/athletes/2009928#graph_date_range?chart_type=miles&interval_type=week&interval=200601&year_offset=15
2009928.0,https://www.strava.com/athletes/2009928#graph_date_range?chart_type=miles&interval_type=week&interval=200501&year_offset=16
2009928.0,https://www.strava.com/athletes/2009928#graph_date_range?chart_type=miles&interval_type=week&interval=200401&year_offset=17
2009928.0,https://www.strava.com/athletes/2009928#graph_date_range?chart_type=miles&interval_type=week&interval=200301&year_offset=18
2009928.0,https://www.strava.com/athletes/2009928#graph_date_range?chart_type=miles&interval_type=week&interval=200201&year_offset=19
2009928.0,https://www.strava.com/athletes/2009928#graph_date_range?chart_type=miles&interval_type=week&interval=200101&year_offset=20
2009928.0,https://www.strava.com/athletes/2009928#graph_date_range?chart_type=miles&interval_type=week&interval=200001&year_offset=21
2009928.0,https://www.strava.com/athletes/2009928#graph_date_range?chart_type=miles&interval_type=week&interval=199901&year_offset=22
2021447.0,https://www.strava.com/pros/2021447#graph_date_range?chart_type=miles&interval_type=week&interval=202101&year_offset=1
2021447.0,https://www.strava.com/pros/2021447#graph_date_range?chart_type=miles&interval_type=week&interval=202001&year_offset=2
2021447.0,https://www.strava.com/pros/2021447#graph_date_range?chart_type=miles&interval_type=week&interval=201901&year_offset=3
2021447.0,https://www.strava.com/pros/2021447#graph_date_range?chart_type=miles&interval_type=week&interval=201801&year_offset=4
2021447.0,https://www.strava.com/pros/2021447#graph_date_range?chart_type=miles&interval_type=week&interval=201701&year_offset=5
2021447.0,https://www.strava.com/pros/2021447#graph_date_range?chart_type=miles&interval_type=week&interval=201601&year_offset=6
2021447.0,https://www.strava.com/pros/2021447#graph_date_range?chart_type=miles&interval_type=week&interval=201501&year_offset=7
2021447.0,https://www.strava.com/pros/2021447#graph_date_range?chart_type=miles&interval_type=week&interval=201401&year_offset=8
2021447.0,https://www.strava.com/pros/2021447#graph_date_range?chart_type=miles&interval_type=week&interval=201301&year_offset=9
2021447.0,https://www.strava.com/pros/2021447#graph_date_range?chart_type=miles&interval_type=week&interval=201201&year_offset=10
2021447.0,https://www.strava.com/pros/2021447#graph_date_range?chart_type=miles&interval_type=week&interval=201101&year_offset=11
2021447.0,https://www.strava.com/pros/2021447#graph_date_range?chart_type=miles&interval_type=week&interval=201001&year_offset=12
2021447.0,https://www.strava.com/pros/2021447#graph_date_range?chart_type=miles&interval_type=week&interval=200901&year_offset=13
2021447.0,https://www.strava.com/pros/2021447#graph_date_range?chart_type=miles&interval_type=week&interval=200801&year_offset=14
2021447.0,https://www.strava.com/pros/2021447#graph_date_range?chart_type=miles&interval_type=week&interval=200701&year_offset=15
2021447.0,https://www.strava.com/pros/2021447#graph_date_range?chart_type=miles&interval_type=week&interval=200601&year_offset=16
2021447.0,https://www.strava.com/pros/2021447#graph_date_range?chart_type=miles&interval_type=week&interval=200501&year_offset=17
2021447.0,https://www.strava.com/pros/2021447#graph_date_range?chart_type=miles&interval_type=week&interval=200401&year_offset=18
2021447.0,https://www.strava.com/pros/2021447#graph_date_range?chart_type=miles&interval_type=week&interval=200301&year_offset=19
2021447.0,https://www.strava.com/pros/2021447#graph_date_range?chart_type=miles&interval_type=week&interval=200201&year_offset=20
2021447.0,https://www.strava.com/pros/2021447#graph_date_range?chart_type=miles&interval_type=week&interval=200101&year_offset=21
2021447.0,https://www.strava.com/pros/2021447#graph_date_range?chart_type=miles&interval_type=week&interval=200001&year_offset=22
2021447.0,https://www.strava.com/pros/2021447#graph_date_range?chart_type=miles&interval_type=week&interval=199901&year_offset=23
20904837.0,https://www.strava.com/pros/20904837#graph_date_range?chart_type=miles&interval_type=week&interval=202050&year_offset=1
20904837.0,https://www.strava.com/pros/20904837#graph_date_range?chart_type=miles&interval_type=week&interval=201950&year_offset=2
20904837.0,https://www.strava.com/pros/20904837#graph_date_range?chart_type=miles&interval_type=week&interval=201850&year_offset=3
20904837.0,https://www.strava.com/pros/20904837#graph_date_range?chart_type=miles&interval_type=week&interval=201750&year_offset=4
2109406.0,https://www.strava.com/pros/2109406#graph_date_range?chart_type=miles&interval_type=week&interval=202052&year_offset=1
2109406.0,https://www.strava.com/pros/2109406#graph_date_range?chart_type=miles&interval_type=week&interval=201952&year_offset=2
2109406.0,https://www.strava.com/pros/2109406#graph_date_range?chart_type=miles&interval_type=week&interval=201852&year_offset=3
2109406.0,https://www.strava.com/pros/2109406#graph_date_range?chart_type=miles&interval_type=week&interval=201752&year_offset=4
2109406.0,https://www.strava.com/pros/2109406#graph_date_range?chart_type=miles&interval_type=week&interval=201652&year_offset=5
2109406.0,https://www.strava.com/pros/2109406#graph_date_range?chart_type=miles&interval_type=week&interval=201552&year_offset=6
2109406.0,https://www.strava.com/pros/2109406#graph_date_range?chart_type=miles&interval_type=week&interval=201452&year_offset=7
2109406.0,https://www.strava.com/pros/2109406#graph_date_range?chart_type=miles&interval_type=week&interval=201352&year_offset=8
2305481.0,https://www.strava.com/pros/2305481#graph_date_range?chart_type=miles&interval_type=week&interval=202050&year_offset=1
2305481.0,https://www.strava.com/pros/2305481#graph_date_range?chart_type=miles&interval_type=week&interval=201950&year_offset=2
2305481.0,https://www.strava.com/pros/2305481#graph_date_range?chart_type=miles&interval_type=week&interval=201850&year_offset=3
2305481.0,https://www.strava.com/pros/2305481#graph_date_range?chart_type=miles&interval_type=week&interval=201750&year_offset=4
2305481.0,https://www.strava.com/pros/2305481#graph_date_range?chart_type=miles&interval_type=week&interval=201650&year_offset=5
2305481.0,https://www.strava.com/pros/2305481#graph_date_range?chart_type=miles&interval_type=week&interval=201550&year_offset=6
2305481.0,https://www.strava.com/pros/2305481#graph_date_range?chart_type=miles&interval_type=week&interval=201450&year_offset=7
2305481.0,https://www.strava.com/pros/2305481#graph_date_range?chart_type=miles&interval_type=week&interval=201350&year_offset=8
2469093.0,https://www.strava.com/pros/2469093#graph_date_range?chart_type=miles&interval_type=week&interval=202101&year_offset=1
2469093.0,https://www.strava.com/pros/2469093#graph_date_range?chart_type=miles&interval_type=week&interval=202001&year_offset=2
2469093.0,https://www.strava.com/pros/2469093#graph_date_range?chart_type=miles&interval_type=week&interval=201901&year_offset=3
2469093.0,https://www.strava.com/pros/2469093#graph_date_range?chart_type=miles&interval_type=week&interval=201801&year_offset=4
2469093.0,https://www.strava.com/pros/2469093#graph_date_range?chart_type=miles&interval_type=week&interval=201701&year_offset=5
2469093.0,https://www.strava.com/pros/2469093#graph_date_range?chart_type=miles&interval_type=week&interval=201601&year_offset=6
2469093.0,https://www.strava.com/pros/2469093#graph_date_range?chart_type=miles&interval_type=week&interval=201501&year_offset=7
2469093.0,https://www.strava.com/pros/2469093#graph_date_range?chart_type=miles&interval_type=week&interval=201401&year_offset=8
2557063.0,https://www.strava.com/pros/2557063#graph_date_range?chart_type=miles&interval_type=week&interval=202101&year_offset=1
2557063.0,https://www.strava.com/pros/2557063#graph_date_range?chart_type=miles&interval_type=week&interval=202001&year_offset=2
2557063.0,https://www.strava.com/pros/2557063#graph_date_range?chart_type=miles&interval_type=week&interval=201901&year_offset=3
2557063.0,https://www.strava.com/pros/2557063#graph_date_range?chart_type=miles&interval_type=week&interval=201801&year_offset=4
2557063.0,https://www.strava.com/pros/2557063#graph_date_range?chart_type=miles&interval_type=week&interval=201701&year_offset=5
2557063.0,https://www.strava.com/pros/2557063#graph_date_range?chart_type=miles&interval_type=week&interval=201601&year_offset=6
2557063.0,https://www.strava.com/pros/2557063#graph_date_range?chart_type=miles&interval_type=week&interval=201501&year_offset=7
2557063.0,https://www.strava.com/pros/2557063#graph_date_range?chart_type=miles&interval_type=week&interval=201401&year_offset=8
2557063.0,https://www.strava.com/pros/2557063#graph_date_range?chart_type=miles&interval_type=week&interval=201301&year_offset=9
2557063.0,https://www.strava.com/pros/2557063#graph_date_range?chart_type=miles&interval_type=week&interval=201201&year_offset=10
2557063.0,https://www.strava.com/pros/2557063#graph_date_range?chart_type=miles&interval_type=week&interval=201101&year_offset=11
2557063.0,https://www.strava.com/pros/2557063#graph_date_range?chart_type=miles&interval_type=week&interval=201001&year_offset=12
2592883.0,https://www.strava.com/pros/2592883#graph_date_range?chart_type=miles&interval_type=week&interval=202101&year_offset=1
2592883.0,https://www.strava.com/pros/2592883#graph_date_range?chart_type=miles&interval_type=week&interval=202001&year_offset=2
2592883.0,https://www.strava.com/pros/2592883#graph_date_range?chart_type=miles&interval_type=week&interval=201901&year_offset=3
2592883.0,https://www.strava.com/pros/2592883#graph_date_range?chart_type=miles&interval_type=week&interval=201801&year_offset=4
2592883.0,https://www.strava.com/pros/2592883#graph_date_range?chart_type=miles&interval_type=week&interval=201701&year_offset=5
2592883.0,https://www.strava.com/pros/2592883#graph_date_range?chart_type=miles&interval_type=week&interval=201601&year_offset=6
2592883.0,https://www.strava.com/pros/2592883#graph_date_range?chart_type=miles&interval_type=week&interval=201501&year_offset=7
2592883.0,https://www.strava.com/pros/2592883#graph_date_range?chart_type=miles&interval_type=week&interval=201401&year_offset=8
266080.0,https://www.strava.com/pros/266080#graph_date_range?chart_type=miles&interval_type=week&interval=202101&year_offset=1
266080.0,https://www.strava.com/pros/266080#graph_date_range?chart_type=miles&interval_type=week&interval=202001&year_offset=2
266080.0,https://www.strava.com/pros/266080#graph_date_range?chart_type=miles&interval_type=week&interval=201901&year_offset=3
2716222.0,https://www.strava.com/pros/2716222#graph_date_range?chart_type=miles&interval_type=week&interval=202101&year_offset=1
2716222.0,https://www.strava.com/pros/2716222#graph_date_range?chart_type=miles&interval_type=week&interval=202001&year_offset=2
2716222.0,https://www.strava.com/pros/2716222#graph_date_range?chart_type=miles&interval_type=week&interval=201901&year_offset=3
2716222.0,https://www.strava.com/pros/2716222#graph_date_range?chart_type=miles&interval_type=week&interval=201801&year_offset=4
2716222.0,https://www.strava.com/pros/2716222#graph_date_range?chart_type=miles&interval_type=week&interval=201701&year_offset=5
2716222.0,https://www.strava.com/pros/2716222#graph_date_range?chart_type=miles&interval_type=week&interval=201601&year_offset=6
2716222.0,https://www.strava.com/pros/2716222#graph_date_range?chart_type=miles&interval_type=week&interval=201501&year_offset=7
2739223.0,https://www.strava.com/athletes/2739223#graph_date_range?chart_type=miles&interval_type=week&interval=202101&year_offset=1
2739223.0,https://www.strava.com/athletes/2739223#graph_date_range?chart_type=miles&interval_type=week&interval=202001&year_offset=2
2739223.0,https://www.strava.com/athletes/2739223#graph_date_range?chart_type=miles&interval_type=week&interval=201901&year_offset=3
2739223.0,https://www.strava.com/athletes/2739223#graph_date_range?chart_type=miles&interval_type=week&interval=201801&year_offset=4
2739223.0,https://www.strava.com/athletes/2739223#graph_date_range?chart_type=miles&interval_type=week&interval=201701&year_offset=5
2739223.0,https://www.strava.com/athletes/2739223#graph_date_range?chart_type=miles&interval_type=week&interval=201601&year_offset=6
2739223.0,https://www.strava.com/athletes/2739223#graph_date_range?chart_type=miles&interval_type=week&interval=201501&year_offset=7
2739223.0,https://www.strava.com/athletes/2739223#graph_date_range?chart_type=miles&interval_type=week&interval=201401&year_offset=8
28007299.0,https://www.strava.com/athletes/28007299#graph_date_range?chart_type=miles&interval_type=week&interval=202101&year_offset=1
28007299.0,https://www.strava.com/athletes/28007299#graph_date_range?chart_type=miles&interval_type=week&interval=202001&year_offset=2
28007299.0,https://www.strava.com/athletes/28007299#graph_date_range?chart_type=miles&interval_type=week&interval=201901&year_offset=3
288769.0,https://www.strava.com/pros/288769#graph_date_range?chart_type=miles&interval_type=week&interval=202032&year_offset=1
288769.0,https://www.strava.com/pros/288769#graph_date_range?chart_type=miles&interval_type=week&interval=201932&year_offset=2
288769.0,https://www.strava.com/pros/288769#graph_date_range?chart_type=miles&interval_type=week&interval=201832&year_offset=3
288769.0,https://www.strava.com/pros/288769#graph_date_range?chart_type=miles&interval_type=week&interval=201732&year_offset=4
288769.0,https://www.strava.com/pros/288769#graph_date_range?chart_type=miles&interval_type=week&interval=201632&year_offset=5
288769.0,https://www.strava.com/pros/288769#graph_date_range?chart_type=miles&interval_type=week&interval=201532&year_offset=6
288769.0,https://www.strava.com/pros/288769#graph_date_range?chart_type=miles&interval_type=week&interval=201432&year_offset=7
288769.0,https://www.strava.com/pros/288769#graph_date_range?chart_type=miles&interval_type=week&interval=201332&year_offset=8
3168759.0,https://www.strava.com/athletes/3168759#graph_date_range?chart_type=miles&interval_type=week&interval=202052&year_offset=1
3168759.0,https://www.strava.com/athletes/3168759#graph_date_range?chart_type=miles&interval_type=week&interval=201952&year_offset=2
3168759.0,https://www.strava.com/athletes/3168759#graph_date_range?chart_type=miles&interval_type=week&interval=201852&year_offset=3
3168759.0,https://www.strava.com/athletes/3168759#graph_date_range?chart_type=miles&interval_type=week&interval=201752&year_offset=4
3168759.0,https://www.strava.com/athletes/3168759#graph_date_range?chart_type=miles&interval_type=week&interval=201652&year_offset=5
3168759.0,https://www.strava.com/athletes/3168759#graph_date_range?chart_type=miles&interval_type=week&interval=201552&year_offset=6
3168759.0,https://www.strava.com/athletes/3168759#graph_date_range?chart_type=miles&interval_type=week&interval=201452&year_offset=7
3168759.0,https://www.strava.com/athletes/3168759#graph_date_range?chart_type=miles&interval_type=week&interval=201352&year_offset=8
3407398.0,https://www.strava.com/pros/3407398#graph_date_range?chart_type=miles&interval_type=week&interval=202101&year_offset=1
3407398.0,https://www.strava.com/pros/3407398#graph_date_range?chart_type=miles&interval_type=week&interval=202001&year_offset=2
3407398.0,https://www.strava.com/pros/3407398#graph_date_range?chart_type=miles&interval_type=week&interval=201901&year_offset=3
3407398.0,https://www.strava.com/pros/3407398#graph_date_range?chart_type=miles&interval_type=week&interval=201801&year_offset=4
3407398.0,https://www.strava.com/pros/3407398#graph_date_range?chart_type=miles&interval_type=week&interval=201701&year_offset=5
3407398.0,https://www.strava.com/pros/3407398#graph_date_range?chart_type=miles&interval_type=week&interval=201601&year_offset=6
3407398.0,https://www.strava.com/pros/3407398#graph_date_range?chart_type=miles&interval_type=week&interval=201501&year_offset=7
3407398.0,https://www.strava.com/pros/3407398#graph_date_range?chart_type=miles&interval_type=week&interval=201401&year_offset=8
3409968.0,https://www.strava.com/athletes/3409968#graph_date_range?chart_type=miles&interval_type=week&interval=202101&year_offset=1
3409968.0,https://www.strava.com/athletes/3409968#graph_date_range?chart_type=miles&interval_type=week&interval=202001&year_offset=2
3409968.0,https://www.strava.com/athletes/3409968#graph_date_range?chart_type=miles&interval_type=week&interval=201901&year_offset=3
3409968.0,https://www.strava.com/athletes/3409968#graph_date_range?chart_type=miles&interval_type=week&interval=201801&year_offset=4
3409968.0,https://www.strava.com/athletes/3409968#graph_date_range?chart_type=miles&interval_type=week&interval=201701&year_offset=5
3409968.0,https://www.strava.com/athletes/3409968#graph_date_range?chart_type=miles&interval_type=week&interval=201601&year_offset=6
3409968.0,https://www.strava.com/athletes/3409968#graph_date_range?chart_type=miles&interval_type=week&interval=201501&year_offset=7
3409968.0,https://www.strava.com/athletes/3409968#graph_date_range?chart_type=miles&interval_type=week&interval=201401&year_offset=8
3409968.0,https://www.strava.com/athletes/3409968#graph_date_range?chart_type=miles&interval_type=week&interval=201301&year_offset=9
3409968.0,https://www.strava.com/athletes/3409968#graph_date_range?chart_type=miles&interval_type=week&interval=201201&year_offset=10
3409968.0,https://www.strava.com/athletes/3409968#graph_date_range?chart_type=miles&interval_type=week&interval=201101&year_offset=11
3409968.0,https://www.strava.com/athletes/3409968#graph_date_range?chart_type=miles&interval_type=week&interval=201001&year_offset=12
3409968.0,https://www.strava.com/athletes/3409968#graph_date_range?chart_type=miles&interval_type=week&interval=200901&year_offset=13
3409968.0,https://www.strava.com/athletes/3409968#graph_date_range?chart_type=miles&interval_type=week&interval=200801&year_offset=14
3409968.0,https://www.strava.com/athletes/3409968#graph_date_range?chart_type=miles&interval_type=week&interval=200701&year_offset=15
3409968.0,https://www.strava.com/athletes/3409968#graph_date_range?chart_type=miles&interval_type=week&interval=200601&year_offset=16
3409968.0,https://www.strava.com/athletes/3409968#graph_date_range?chart_type=miles&interval_type=week&interval=200501&year_offset=17
3409968.0,https://www.strava.com/athletes/3409968#graph_date_range?chart_type=miles&interval_type=week&interval=200401&year_offset=18
3409968.0,https://www.strava.com/athletes/3409968#graph_date_range?chart_type=miles&interval_type=week&interval=200301&year_offset=19
3409968.0,https://www.strava.com/athletes/3409968#graph_date_range?chart_type=miles&interval_type=week&interval=200201&year_offset=20
3409968.0,https://www.strava.com/athletes/3409968#graph_date_range?chart_type=miles&interval_type=week&interval=200101&year_offset=21
3419730.0,https://www.strava.com/pros/3419730#graph_date_range?chart_type=miles&interval_type=week&interval=202101&year_offset=1
3419730.0,https://www.strava.com/pros/3419730#graph_date_range?chart_type=miles&interval_type=week&interval=202001&year_offset=2
3419730.0,https://www.strava.com/pros/3419730#graph_date_range?chart_type=miles&interval_type=week&interval=201901&year_offset=3
3419730.0,https://www.strava.com/pros/3419730#graph_date_range?chart_type=miles&interval_type=week&interval=201801&year_offset=4
3419730.0,https://www.strava.com/pros/3419730#graph_date_range?chart_type=miles&interval_type=week&interval=201701&year_offset=5
3419730.0,https://www.strava.com/pros/3419730#graph_date_range?chart_type=miles&interval_type=week&interval=201601&year_offset=6
3419730.0,https://www.strava.com/pros/3419730#graph_date_range?chart_type=miles&interval_type=week&interval=201501&year_offset=7
3419730.0,https://www.strava.com/pros/3419730#graph_date_range?chart_type=miles&interval_type=week&interval=201401&year_offset=8
3490359.0,https://www.strava.com/pros/3490359#graph_date_range?chart_type=miles&interval_type=week&interval=202101&year_offset=1
3490359.0,https://www.strava.com/pros/3490359#graph_date_range?chart_type=miles&interval_type=week&interval=202001&year_offset=2
3490359.0,https://www.strava.com/pros/3490359#graph_date_range?chart_type=miles&interval_type=week&interval=201901&year_offset=3
3490359.0,https://www.strava.com/pros/3490359#graph_date_range?chart_type=miles&interval_type=week&interval=201801&year_offset=4
3490359.0,https://www.strava.com/pros/3490359#graph_date_range?chart_type=miles&interval_type=week&interval=201701&year_offset=5
3490359.0,https://www.strava.com/pros/3490359#graph_date_range?chart_type=miles&interval_type=week&interval=201601&year_offset=6
3490359.0,https://www.strava.com/pros/3490359#graph_date_range?chart_type=miles&interval_type=week&interval=201501&year_offset=7
36281396.0,https://www.strava.com/pros/36281396#graph_date_range?chart_type=miles&interval_type=week&interval=202101&year_offset=1
365015.0,https://www.strava.com/athletes/365015#graph_date_range?chart_type=miles&interval_type=week&interval=202052&year_offset=1
365015.0,https://www.strava.com/athletes/365015#graph_date_range?chart_type=miles&interval_type=week&interval=201952&year_offset=2
365015.0,https://www.strava.com/athletes/365015#graph_date_range?chart_type=miles&interval_type=week&interval=201852&year_offset=3
365015.0,https://www.strava.com/athletes/365015#graph_date_range?chart_type=miles&interval_type=week&interval=201752&year_offset=4
365015.0,https://www.strava.com/athletes/365015#graph_date_range?chart_type=miles&interval_type=week&interval=201652&year_offset=5
365015.0,https://www.strava.com/athletes/365015#graph_date_range?chart_type=miles&interval_type=week&interval=201552&year_offset=6
365015.0,https://www.strava.com/athletes/365015#graph_date_range?chart_type=miles&interval_type=week&interval=201452&year_offset=7
365015.0,https://www.strava.com/athletes/365015#graph_date_range?chart_type=miles&interval_type=week&interval=201352&year_offset=8
365015.0,https://www.strava.com/athletes/365015#graph_date_range?chart_type=miles&interval_type=week&interval=201252&year_offset=9
367688.0,https://www.strava.com/pros/367688#graph_date_range?chart_type=miles&interval_type=week&interval=202101&year_offset=1
367688.0,https://www.strava.com/pros/367688#graph_date_range?chart_type=miles&interval_type=week&interval=202001&year_offset=2
367688.0,https://www.strava.com/pros/367688#graph_date_range?chart_type=miles&interval_type=week&interval=201901&year_offset=3
367688.0,https://www.strava.com/pros/367688#graph_date_range?chart_type=miles&interval_type=week&interval=201801&year_offset=4
367688.0,https://www.strava.com/pros/367688#graph_date_range?chart_type=miles&interval_type=week&interval=201701&year_offset=5
367688.0,https://www.strava.com/pros/367688#graph_date_range?chart_type=miles&interval_type=week&interval=201601&year_offset=6
367688.0,https://www.strava.com/pros/367688#graph_date_range?chart_type=miles&interval_type=week&interval=201501&year_offset=7
367688.0,https://www.strava.com/pros/367688#graph_date_range?chart_type=miles&interval_type=week&interval=201401&year_offset=8
367688.0,https://www.strava.com/pros/367688#graph_date_range?chart_type=miles&interval_type=week&interval=201301&year_offset=9
367688.0,https://www.strava.com/pros/367688#graph_date_range?chart_type=miles&interval_type=week&interval=201201&year_offset=10
367688.0,https://www.strava.com/pros/367688#graph_date_range?chart_type=miles&interval_type=week&interval=201101&year_offset=11
367688.0,https://www.strava.com/pros/367688#graph_date_range?chart_type=miles&interval_type=week&interval=201001&year_offset=12
367688.0,https://www.strava.com/pros/367688#graph_date_range?chart_type=miles&interval_type=week&interval=200901&year_offset=13
367688.0,https://www.strava.com/pros/367688#graph_date_range?chart_type=miles&interval_type=week&interval=200801&year_offset=14
367688.0,https://www.strava.com/pros/367688#graph_date_range?chart_type=miles&interval_type=week&interval=200701&year_offset=15
384548.0,https://www.strava.com/pros/384548#graph_date_range?chart_type=miles&interval_type=week&interval=202101&year_offset=1
384548.0,https://www.strava.com/pros/384548#graph_date_range?chart_type=miles&interval_type=week&interval=202001&year_offset=2
384548.0,https://www.strava.com/pros/384548#graph_date_range?chart_type=miles&interval_type=week&interval=201901&year_offset=3
384548.0,https://www.strava.com/pros/384548#graph_date_range?chart_type=miles&interval_type=week&interval=201801&year_offset=4
384548.0,https://www.strava.com/pros/384548#graph_date_range?chart_type=miles&interval_type=week&interval=201701&year_offset=5
384548.0,https://www.strava.com/pros/384548#graph_date_range?chart_type=miles&interval_type=week&interval=201601&year_offset=6
384548.0,https://www.strava.com/pros/384548#graph_date_range?chart_type=miles&interval_type=week&interval=201501&year_offset=7
384548.0,https://www.strava.com/pros/384548#graph_date_range?chart_type=miles&interval_type=week&interval=201401&year_offset=8
384548.0,https://www.strava.com/pros/384548#graph_date_range?chart_type=miles&interval_type=week&interval=201301&year_offset=9
384548.0,https://www.strava.com/pros/384548#graph_date_range?chart_type=miles&interval_type=week&interval=201201&year_offset=10
384548.0,https://www.strava.com/pros/384548#graph_date_range?chart_type=miles&interval_type=week&interval=201101&year_offset=11
384548.0,https://www.strava.com/pros/384548#graph_date_range?chart_type=miles&interval_type=week&interval=201001&year_offset=12
387215.0,https://www.strava.com/pros/387215#graph_date_range?chart_type=miles&interval_type=week&interval=202101&year_offset=1
387215.0,https://www.strava.com/pros/387215#graph_date_range?chart_type=miles&interval_type=week&interval=202001&year_offset=2
387215.0,https://www.strava.com/pros/387215#graph_date_range?chart_type=miles&interval_type=week&interval=201901&year_offset=3
387215.0,https://www.strava.com/pros/387215#graph_date_range?chart_type=miles&interval_type=week&interval=201801&year_offset=4
387215.0,https://www.strava.com/pros/387215#graph_date_range?chart_type=miles&interval_type=week&interval=201701&year_offset=5
387215.0,https://www.strava.com/pros/387215#graph_date_range?chart_type=miles&interval_type=week&interval=201601&year_offset=6
387215.0,https://www.strava.com/pros/387215#graph_date_range?chart_type=miles&interval_type=week&interval=201501&year_offset=7
387215.0,https://www.strava.com/pros/387215#graph_date_range?chart_type=miles&interval_type=week&interval=201401&year_offset=8
387215.0,https://www.strava.com/pros/387215#graph_date_range?chart_type=miles&interval_type=week&interval=201301&year_offset=9
387215.0,https://www.strava.com/pros/387215#graph_date_range?chart_type=miles&interval_type=week&interval=201201&year_offset=10
387215.0,https://www.strava.com/pros/387215#graph_date_range?chart_type=miles&interval_type=week&interval=201101&year_offset=11
425147.0,https://www.strava.com/pros/425147#graph_date_range?chart_type=miles&interval_type=week&interval=202040&year_offset=1
425147.0,https://www.strava.com/pros/425147#graph_date_range?chart_type=miles&interval_type=week&interval=201940&year_offset=2
425147.0,https://www.strava.com/pros/425147#graph_date_range?chart_type=miles&interval_type=week&interval=201840&year_offset=3
425147.0,https://www.strava.com/pros/425147#graph_date_range?chart_type=miles&interval_type=week&interval=201740&year_offset=4
425147.0,https://www.strava.com/pros/425147#graph_date_range?chart_type=miles&interval_type=week&interval=201640&year_offset=5
425147.0,https://www.strava.com/pros/425147#graph_date_range?chart_type=miles&interval_type=week&interval=201540&year_offset=6
425147.0,https://www.strava.com/pros/425147#graph_date_range?chart_type=miles&interval_type=week&interval=201440&year_offset=7
425147.0,https://www.strava.com/pros/425147#graph_date_range?chart_type=miles&interval_type=week&interval=201340&year_offset=8
425147.0,https://www.strava.com/pros/425147#graph_date_range?chart_type=miles&interval_type=week&interval=201240&year_offset=9
4419459.0,https://www.strava.com/athletes/4419459#graph_date_range?chart_type=miles&interval_type=week&interval=202001&year_offset=1
4419459.0,https://www.strava.com/athletes/4419459#graph_date_range?chart_type=miles&interval_type=week&interval=201901&year_offset=2
4419459.0,https://www.strava.com/athletes/4419459#graph_date_range?chart_type=miles&interval_type=week&interval=201801&year_offset=3
4419459.0,https://www.strava.com/athletes/4419459#graph_date_range?chart_type=miles&interval_type=week&interval=201701&year_offset=4
4419459.0,https://www.strava.com/athletes/4419459#graph_date_range?chart_type=miles&interval_type=week&interval=201601&year_offset=5
4419459.0,https://www.strava.com/athletes/4419459#graph_date_range?chart_type=miles&interval_type=week&interval=201501&year_offset=6
4419459.0,https://www.strava.com/athletes/4419459#graph_date_range?chart_type=miles&interval_type=week&interval=201401&year_offset=7
4419459.0,https://www.strava.com/athletes/4419459#graph_date_range?chart_type=miles&interval_type=week&interval=201301&year_offset=8
4748635.0,https://www.strava.com/pros/4748635#graph_date_range?chart_type=miles&interval_type=week&interval=202101&year_offset=1
4748635.0,https://www.strava.com/pros/4748635#graph_date_range?chart_type=miles&interval_type=week&interval=202001&year_offset=2
4748635.0,https://www.strava.com/pros/4748635#graph_date_range?chart_type=miles&interval_type=week&interval=201901&year_offset=3
4748635.0,https://www.strava.com/pros/4748635#graph_date_range?chart_type=miles&interval_type=week&interval=201801&year_offset=4
4748635.0,https://www.strava.com/pros/4748635#graph_date_range?chart_type=miles&interval_type=week&interval=201701&year_offset=5
4748635.0,https://www.strava.com/pros/4748635#graph_date_range?chart_type=miles&interval_type=week&interval=201601&year_offset=6
4748635.0,https://www.strava.com/pros/4748635#graph_date_range?chart_type=miles&interval_type=week&interval=201501&year_offset=7
4848740.0,https://www.strava.com/athletes/4848740#graph_date_range?chart_type=miles&interval_type=week&interval=202041&year_offset=1
4848740.0,https://www.strava.com/athletes/4848740#graph_date_range?chart_type=miles&interval_type=week&interval=201941&year_offset=2
4848740.0,https://www.strava.com/athletes/4848740#graph_date_range?chart_type=miles&interval_type=week&interval=201841&year_offset=3
4848740.0,https://www.strava.com/athletes/4848740#graph_date_range?chart_type=miles&interval_type=week&interval=201741&year_offset=4
4848740.0,https://www.strava.com/athletes/4848740#graph_date_range?chart_type=miles&interval_type=week&interval=201641&year_offset=5
4848740.0,https://www.strava.com/athletes/4848740#graph_date_range?chart_type=miles&interval_type=week&interval=201541&year_offset=6
4848740.0,https://www.strava.com/athletes/4848740#graph_date_range?chart_type=miles&interval_type=week&interval=201441&year_offset=7
505408.0,https://www.strava.com/pros/505408#graph_date_range?chart_type=miles&interval_type=week&interval=202101&year_offset=1
505408.0,https://www.strava.com/pros/505408#graph_date_range?chart_type=miles&interval_type=week&interval=202001&year_offset=2
505408.0,https://www.strava.com/pros/505408#graph_date_range?chart_type=miles&interval_type=week&interval=201901&year_offset=3
505408.0,https://www.strava.com/pros/505408#graph_date_range?chart_type=miles&interval_type=week&interval=201801&year_offset=4
505408.0,https://www.strava.com/pros/505408#graph_date_range?chart_type=miles&interval_type=week&interval=201701&year_offset=5
505408.0,https://www.strava.com/pros/505408#graph_date_range?chart_type=miles&interval_type=week&interval=201601&year_offset=6
505408.0,https://www.strava.com/pros/505408#graph_date_range?chart_type=miles&interval_type=week&interval=201501&year_offset=7
505408.0,https://www.strava.com/pros/505408#graph_date_range?chart_type=miles&interval_type=week&interval=201401&year_offset=8
505408.0,https://www.strava.com/pros/505408#graph_date_range?chart_type=miles&interval_type=week&interval=201301&year_offset=9
5096617.0,https://www.strava.com/athletes/5096617#graph_date_range?chart_type=miles&interval_type=week&interval=202101&year_offset=1
5096617.0,https://www.strava.com/athletes/5096617#graph_date_range?chart_type=miles&interval_type=week&interval=202001&year_offset=2
5096617.0,https://www.strava.com/athletes/5096617#graph_date_range?chart_type=miles&interval_type=week&interval=201901&year_offset=3
5096617.0,https://www.strava.com/athletes/5096617#graph_date_range?chart_type=miles&interval_type=week&interval=201801&year_offset=4
5096617.0,https://www.strava.com/athletes/5096617#graph_date_range?chart_type=miles&interval_type=week&interval=201701&year_offset=5
5096617.0,https://www.strava.com/athletes/5096617#graph_date_range?chart_type=miles&interval_type=week&interval=201601&year_offset=6
5096617.0,https://www.strava.com/athletes/5096617#graph_date_range?chart_type=miles&interval_type=week&interval=201501&year_offset=7
5571896.0,https://www.strava.com/pros/5571896#graph_date_range?chart_type=miles&interval_type=week&interval=202101&year_offset=1
5571896.0,https://www.strava.com/pros/5571896#graph_date_range?chart_type=miles&interval_type=week&interval=202001&year_offset=2
5571896.0,https://www.strava.com/pros/5571896#graph_date_range?chart_type=miles&interval_type=week&interval=201901&year_offset=3
5571896.0,https://www.strava.com/pros/5571896#graph_date_range?chart_type=miles&interval_type=week&interval=201801&year_offset=4
5571896.0,https://www.strava.com/pros/5571896#graph_date_range?chart_type=miles&interval_type=week&interval=201701&year_offset=5
5571896.0,https://www.strava.com/pros/5571896#graph_date_range?chart_type=miles&interval_type=week&interval=201601&year_offset=6
5571896.0,https://www.strava.com/pros/5571896#graph_date_range?chart_type=miles&interval_type=week&interval=201501&year_offset=7
5915515.0,https://www.strava.com/pros/5915515#graph_date_range?chart_type=miles&interval_type=week&interval=202101&year_offset=1
5915515.0,https://www.strava.com/pros/5915515#graph_date_range?chart_type=miles&interval_type=week&interval=202001&year_offset=2
5915515.0,https://www.strava.com/pros/5915515#graph_date_range?chart_type=miles&interval_type=week&interval=201901&year_offset=3
5915515.0,https://www.strava.com/pros/5915515#graph_date_range?chart_type=miles&interval_type=week&interval=201801&year_offset=4
5915515.0,https://www.strava.com/pros/5915515#graph_date_range?chart_type=miles&interval_type=week&interval=201701&year_offset=5
593390.0,https://www.strava.com/pros/593390#graph_date_range?chart_type=miles&interval_type=week&interval=202101&year_offset=1
593390.0,https://www.strava.com/pros/593390#graph_date_range?chart_type=miles&interval_type=week&interval=202001&year_offset=2
593390.0,https://www.strava.com/pros/593390#graph_date_range?chart_type=miles&interval_type=week&interval=201901&year_offset=3
593390.0,https://www.strava.com/pros/593390#graph_date_range?chart_type=miles&interval_type=week&interval=201801&year_offset=4
593390.0,https://www.strava.com/pros/593390#graph_date_range?chart_type=miles&interval_type=week&interval=201701&year_offset=5
593390.0,https://www.strava.com/pros/593390#graph_date_range?chart_type=miles&interval_type=week&interval=201601&year_offset=6
593390.0,https://www.strava.com/pros/593390#graph_date_range?chart_type=miles&interval_type=week&interval=201501&year_offset=7
593390.0,https://www.strava.com/pros/593390#graph_date_range?chart_type=miles&interval_type=week&interval=201401&year_offset=8
593390.0,https://www.strava.com/pros/593390#graph_date_range?chart_type=miles&interval_type=week&interval=201301&year_offset=9
593390.0,https://www.strava.com/pros/593390#graph_date_range?chart_type=miles&interval_type=week&interval=201201&year_offset=10
5943644.0,https://www.strava.com/athletes/5943644#graph_date_range?chart_type=miles&interval_type=week&interval=202012&year_offset=1
5943644.0,https://www.strava.com/athletes/5943644#graph_date_range?chart_type=miles&interval_type=week&interval=201912&year_offset=2
5943644.0,https://www.strava.com/athletes/5943644#graph_date_range?chart_type=miles&interval_type=week&interval=201812&year_offset=3
5943644.0,https://www.strava.com/athletes/5943644#graph_date_range?chart_type=miles&interval_type=week&interval=201712&year_offset=4
5943644.0,https://www.strava.com/athletes/5943644#graph_date_range?chart_type=miles&interval_type=week&interval=201612&year_offset=5
5943644.0,https://www.strava.com/athletes/5943644#graph_date_range?chart_type=miles&interval_type=week&interval=201512&year_offset=6
6094073.0,https://www.strava.com/pros/6094073#graph_date_range?chart_type=miles&interval_type=week&interval=202027&year_offset=1
6094073.0,https://www.strava.com/pros/6094073#graph_date_range?chart_type=miles&interval_type=week&interval=201927&year_offset=2
6094073.0,https://www.strava.com/pros/6094073#graph_date_range?chart_type=miles&interval_type=week&interval=201827&year_offset=3
6094073.0,https://www.strava.com/pros/6094073#graph_date_range?chart_type=miles&interval_type=week&interval=201727&year_offset=4
6094073.0,https://www.strava.com/pros/6094073#graph_date_range?chart_type=miles&interval_type=week&interval=201627&year_offset=5
6094073.0,https://www.strava.com/pros/6094073#graph_date_range?chart_type=miles&interval_type=week&interval=201527&year_offset=6
616061.0,https://www.strava.com/athletes/616061#graph_date_range?chart_type=miles&interval_type=week&interval=202101&year_offset=1
616061.0,https://www.strava.com/athletes/616061#graph_date_range?chart_type=miles&interval_type=week&interval=202001&year_offset=2
616061.0,https://www.strava.com/athletes/616061#graph_date_range?chart_type=miles&interval_type=week&interval=201901&year_offset=3
616061.0,https://www.strava.com/athletes/616061#graph_date_range?chart_type=miles&interval_type=week&interval=201801&year_offset=4
616061.0,https://www.strava.com/athletes/616061#graph_date_range?chart_type=miles&interval_type=week&interval=201701&year_offset=5
616061.0,https://www.strava.com/athletes/616061#graph_date_range?chart_type=miles&interval_type=week&interval=201601&year_offset=6
616061.0,https://www.strava.com/athletes/616061#graph_date_range?chart_type=miles&interval_type=week&interval=201501&year_offset=7
616061.0,https://www.strava.com/athletes/616061#graph_date_range?chart_type=miles&interval_type=week&interval=201401&year_offset=8
616061.0,https://www.strava.com/athletes/616061#graph_date_range?chart_type=miles&interval_type=week&interval=201301&year_offset=9
616061.0,https://www.strava.com/athletes/616061#graph_date_range?chart_type=miles&interval_type=week&interval=201201&year_offset=10
644524.0,https://www.strava.com/pros/644524#graph_date_range?chart_type=miles&interval_type=week&interval=202101&year_offset=1
644524.0,https://www.strava.com/pros/644524#graph_date_range?chart_type=miles&interval_type=week&interval=202001&year_offset=2
644524.0,https://www.strava.com/pros/644524#graph_date_range?chart_type=miles&interval_type=week&interval=201901&year_offset=3
644524.0,https://www.strava.com/pros/644524#graph_date_range?chart_type=miles&interval_type=week&interval=201801&year_offset=4
644524.0,https://www.strava.com/pros/644524#graph_date_range?chart_type=miles&interval_type=week&interval=201701&year_offset=5
644524.0,https://www.strava.com/pros/644524#graph_date_range?chart_type=miles&interval_type=week&interval=201601&year_offset=6
644524.0,https://www.strava.com/pros/644524#graph_date_range?chart_type=miles&interval_type=week&interval=201501&year_offset=7
644524.0,https://www.strava.com/pros/644524#graph_date_range?chart_type=miles&interval_type=week&interval=201401&year_offset=8
644524.0,https://www.strava.com/pros/644524#graph_date_range?chart_type=miles&interval_type=week&interval=201301&year_offset=9
6913455.0,https://www.strava.com/pros/6913455#graph_date_range?chart_type=miles&interval_type=week&interval=202048&year_offset=1
6913455.0,https://www.strava.com/pros/6913455#graph_date_range?chart_type=miles&interval_type=week&interval=201948&year_offset=2
6913455.0,https://www.strava.com/pros/6913455#graph_date_range?chart_type=miles&interval_type=week&interval=201848&year_offset=3
7019829.0,https://www.strava.com/athletes/7019829#graph_date_range?chart_type=miles&interval_type=week&interval=202051&year_offset=1
7019829.0,https://www.strava.com/athletes/7019829#graph_date_range?chart_type=miles&interval_type=week&interval=201951&year_offset=2
7019829.0,https://www.strava.com/athletes/7019829#graph_date_range?chart_type=miles&interval_type=week&interval=201851&year_offset=3
7019829.0,https://www.strava.com/athletes/7019829#graph_date_range?chart_type=miles&interval_type=week&interval=201751&year_offset=4
7019829.0,https://www.strava.com/athletes/7019829#graph_date_range?chart_type=miles&interval_type=week&interval=201651&year_offset=5
7019829.0,https://www.strava.com/athletes/7019829#graph_date_range?chart_type=miles&interval_type=week&interval=201551&year_offset=6
7491815.0,https://www.strava.com/pros/7491815#graph_date_range?chart_type=miles&interval_type=week&interval=202045&year_offset=1
7491815.0,https://www.strava.com/pros/7491815#graph_date_range?chart_type=miles&interval_type=week&interval=201945&year_offset=2
7491815.0,https://www.strava.com/pros/7491815#graph_date_range?chart_type=miles&interval_type=week&interval=201845&year_offset=3
7491815.0,https://www.strava.com/pros/7491815#graph_date_range?chart_type=miles&interval_type=week&interval=201745&year_offset=4
7491815.0,https://www.strava.com/pros/7491815#graph_date_range?chart_type=miles&interval_type=week&interval=201645&year_offset=5
7491815.0,https://www.strava.com/pros/7491815#graph_date_range?chart_type=miles&interval_type=week&interval=201545&year_offset=6
7491815.0,https://www.strava.com/pros/7491815#graph_date_range?chart_type=miles&interval_type=week&interval=201445&year_offset=7
759393.0,https://www.strava.com/athletes/759393#graph_date_range?chart_type=miles&interval_type=week&interval=202101&year_offset=1
759393.0,https://www.strava.com/athletes/759393#graph_date_range?chart_type=miles&interval_type=week&interval=202001&year_offset=2
759393.0,https://www.strava.com/athletes/759393#graph_date_range?chart_type=miles&interval_type=week&interval=201901&year_offset=3
759393.0,https://www.strava.com/athletes/759393#graph_date_range?chart_type=miles&interval_type=week&interval=201801&year_offset=4
759393.0,https://www.strava.com/athletes/759393#graph_date_range?chart_type=miles&interval_type=week&interval=201701&year_offset=5
759393.0,https://www.strava.com/athletes/759393#graph_date_range?chart_type=miles&interval_type=week&interval=201601&year_offset=6
759393.0,https://www.strava.com/athletes/759393#graph_date_range?chart_type=miles&interval_type=week&interval=201501&year_offset=7
759393.0,https://www.strava.com/athletes/759393#graph_date_range?chart_type=miles&interval_type=week&interval=201401&year_offset=8
759393.0,https://www.strava.com/athletes/759393#graph_date_range?chart_type=miles&interval_type=week&interval=201301&year_offset=9
812782.0,https://www.strava.com/athletes/812782#graph_date_range?chart_type=miles&interval_type=week&interval=202101&year_offset=1
812782.0,https://www.strava.com/athletes/812782#graph_date_range?chart_type=miles&interval_type=week&interval=202001&year_offset=2
812782.0,https://www.strava.com/athletes/812782#graph_date_range?chart_type=miles&interval_type=week&interval=201901&year_offset=3
812782.0,https://www.strava.com/athletes/812782#graph_date_range?chart_type=miles&interval_type=week&interval=201801&year_offset=4
812782.0,https://www.strava.com/athletes/812782#graph_date_range?chart_type=miles&interval_type=week&interval=201701&year_offset=5
812782.0,https://www.strava.com/athletes/812782#graph_date_range?chart_type=miles&interval_type=week&interval=201601&year_offset=6
812782.0,https://www.strava.com/athletes/812782#graph_date_range?chart_type=miles&interval_type=week&interval=201501&year_offset=7
812782.0,https://www.strava.com/athletes/812782#graph_date_range?chart_type=miles&interval_type=week&interval=201401&year_offset=8
812782.0,https://www.strava.com/athletes/812782#graph_date_range?chart_type=miles&interval_type=week&interval=201301&year_offset=9
8424173.0,https://www.strava.com/pros/8424173#graph_date_range?chart_type=miles&interval_type=week&interval=202101&year_offset=1
8424173.0,https://www.strava.com/pros/8424173#graph_date_range?chart_type=miles&interval_type=week&interval=202001&year_offset=2
8424173.0,https://www.strava.com/pros/8424173#graph_date_range?chart_type=miles&interval_type=week&interval=201901&year_offset=3
8424173.0,https://www.strava.com/pros/8424173#graph_date_range?chart_type=miles&interval_type=week&interval=201801&year_offset=4
8424173.0,https://www.strava.com/pros/8424173#graph_date_range?chart_type=miles&interval_type=week&interval=201701&year_offset=5
8424173.0,https://www.strava.com/pros/8424173#graph_date_range?chart_type=miles&interval_type=week&interval=201601&year_offset=6
8424173.0,https://www.strava.com/pros/8424173#graph_date_range?chart_type=miles&interval_type=week&interval=201501&year_offset=7
8424173.0,https://www.strava.com/pros/8424173#graph_date_range?chart_type=miles&interval_type=week&interval=201401&year_offset=8
8424173.0,https://www.strava.com/pros/8424173#graph_date_range?chart_type=miles&interval_type=week&interval=201301&year_offset=9
8424173.0,https://www.strava.com/pros/8424173#graph_date_range?chart_type=miles&interval_type=week&interval=201201&year_offset=10
8424173.0,https://www.strava.com/pros/8424173#graph_date_range?chart_type=miles&interval_type=week&interval=201101&year_offset=11
8424173.0,https://www.strava.com/pros/8424173#graph_date_range?chart_type=miles&interval_type=week&interval=201001&year_offset=12
8424173.0,https://www.strava.com/pros/8424173#graph_date_range?chart_type=miles&interval_type=week&interval=200901&year_offset=13
8424173.0,https://www.strava.com/pros/8424173#graph_date_range?chart_type=miles&interval_type=week&interval=200801&year_offset=14
8424173.0,https://www.strava.com/pros/8424173#graph_date_range?chart_type=miles&interval_type=week&interval=200701&year_offset=15
8424173.0,https://www.strava.com/pros/8424173#graph_date_range?chart_type=miles&interval_type=week&interval=200601&year_offset=16
8424173.0,https://www.strava.com/pros/8424173#graph_date_range?chart_type=miles&interval_type=week&interval=200501&year_offset=17
8424173.0,https://www.strava.com/pros/8424173#graph_date_range?chart_type=miles&interval_type=week&interval=200401&year_offset=18
8424173.0,https://www.strava.com/pros/8424173#graph_date_range?chart_type=miles&interval_type=week&interval=200301&year_offset=19
8424173.0,https://www.strava.com/pros/8424173#graph_date_range?chart_type=miles&interval_type=week&interval=200201&year_offset=20
8424173.0,https://www.strava.com/pros/8424173#graph_date_range?chart_type=miles&interval_type=week&interval=200101&year_offset=21
8424173.0,https://www.strava.com/pros/8424173#graph_date_range?chart_type=miles&interval_type=week&interval=200001&year_offset=22
9503563.0,https://www.strava.com/pros/9503563#graph_date_range?chart_type=miles&interval_type=week&interval=202044&year_offset=1
9503563.0,https://www.strava.com/pros/9503563#graph_date_range?chart_type=miles&interval_type=week&interval=201944&year_offset=2
9503563.0,https://www.strava.com/pros/9503563#graph_date_range?chart_type=miles&interval_type=week&interval=201844&year_offset=3
9503563.0,https://www.strava.com/pros/9503563#graph_date_range?chart_type=miles&interval_type=week&interval=201744&year_offset=4
9503563.0,https://www.strava.com/pros/9503563#graph_date_range?chart_type=miles&interval_type=week&interval=201644&year_offset=5
9545283.0,https://www.strava.com/pros/9545283#graph_date_range?chart_type=miles&interval_type=week&interval=202052&year_offset=1
9545283.0,https://www.strava.com/pros/9545283#graph_date_range?chart_type=miles&interval_type=week&interval=201952&year_offset=2
9545283.0,https://www.strava.com/pros/9545283#graph_date_range?chart_type=miles&interval_type=week&interval=201852&year_offset=3
9545283.0,https://www.strava.com/pros/9545283#graph_date_range?chart_type=miles&interval_type=week&interval=201752&year_offset=4
9545283.0,https://www.strava.com/pros/9545283#graph_date_range?chart_type=miles&interval_type=week&interval=201652&year_offset=5
9545283.0,https://www.strava.com/pros/9545283#graph_date_range?chart_type=miles&interval_type=week&interval=201552&year_offset=6
9545283.0,https://www.strava.com/pros/9545283#graph_date_range?chart_type=miles&interval_type=week&interval=201452&year_offset=7
9545283.0,https://www.strava.com/pros/9545283#graph_date_range?chart_type=miles&interval_type=week&interval=201352&year_offset=8
9545283.0,https://www.strava.com/pros/9545283#graph_date_range?chart_type=miles&interval_type=week&interval=201252&year_offset=9
9545283.0,https://www.strava.com/pros/9545283#graph_date_range?chart_type=miles&interval_type=week&interval=201152&year_offset=10
9545283.0,https://www.strava.com/pros/9545283#graph_date_range?chart_type=miles&interval_type=week&interval=201052&year_offset=11
9545283.0,https://www.strava.com/pros/9545283#graph_date_range?chart_type=miles&interval_type=week&interval=200952&year_offset=12
