,full_name,url,cyclist_id
0,ABERASTURI Jon,,1
1,ABRAHAMSEN Jonas,https://www.strava.com/athletes/3249116,2
2,ACKERMANN Pascal,https://www.strava.com/pros/12274527,3
3,ADRIÀ Roger,https://www.strava.com/athletes/6390713,4
4,AFFINI Edoardo,https://www.strava.com/pros/37167909,5
5,AGIRRE Jon,,6
6,ALAPHILIPPE Julian,,7
7,ALBA Juan Diego,https://www.strava.com/athletes/38162237,8
8,ALBANESE Vincenzo,https://www.strava.com/pros/3488983,9
9,ALEOTTI Giovanni,https://www.strava.com/athletes/21536765,10
10,ALLEGAERT Piet,,11
11,ALMEIDA João,,12
12,ALONSO Mikel,,13
13,AMADOR Andrey,https://www.strava.com/athletes/1593769,14
14,AMEZQUETA Julen,,15
15,ANACONA Winner,https://www.strava.com/pros/12542977,16
16,ANDERSEN Idar,https://www.strava.com/athletes/10443289,17
17,ANDERSON Edward,https://www.strava.com/athletes/2346552,18
18,ANGULO Antonio,,19
19,ANIOLKOWSKI Stanislaw,,20
20,APARICIO Mario,,21
21,APERS Ruben,,22
22,ARAIZ Sergio,,23
23,ARANBURU Alex,,24
24,ARANBURU Jokin,https://www.strava.com/athletes/26726869,25
25,ARASHIRO Yukiya,https://www.strava.com/athletes/12337203,26
26,ARCAS Jorge,https://www.strava.com/pros/2276607,27
27,ARCHBOLD Shane,,28
28,ARCHIBALD John,,29
29,ARDILA Andrés Camilo,,30
30,ARENSMAN Thymen,https://www.strava.com/athletes/1936233,31
31,ARISTI Mikel,,32
32,ARMÉE Sander,,33
33,ARMIRAIL Bruno,https://www.strava.com/pros/2192184,34
34,ARNDT Nikias,,35
35,ARROYAVE Daniel,,36
36,ARU Fabio,https://www.strava.com/pros/28635374,37
37,ASGREEN Kasper,https://www.strava.com/pros/36356974,38
38,AULAR Orluis,https://www.strava.com/athletes/17546094,39
39,ÁVILA Edwin,https://www.strava.com/athletes/6094073,40
40,AYUSO Juan,https://www.strava.com/athletes/10780095,41
41,AZPARREN Xabier Mikel,,42
42,AZURMENDI Ibai,https://www.strava.com/athletes/3060100,43
43,BACKAERT Frederik,https://www.strava.com/pros/23726463,44
44,BADILATTI Matteo,https://www.strava.com/athletes/4419459,45
45,BAGIOLI Andrea,https://www.strava.com/athletes/19593505,46
46,BAGIOLI Nicola,https://www.strava.com/athletes/2476243,47
47,BAGÜES Aritz,https://www.strava.com/pros/1126708,48
48,BAIS Davide,https://www.strava.com/athletes/2566327,49
49,BAIS Mattia,https://www.strava.com/athletes/2573969,50
50,BAKELANTS Jan,https://www.strava.com/pros/3943249,51
51,BALLARIN Iker,,52
52,BALLERINI Davide,https://www.strava.com/athletes/1930273,53
53,BARBERO Carlos,,54
54,BARBIER Pierre,,55
55,BARBIER Rudy,https://www.strava.com/athletes/7019829,56
56,BARCELÓ Fernando,https://www.strava.com/pros/3943346,57
57,BARDET Romain,http://www.strava.com/pros/1630132,58
58,BARGUIL Warren,https://www.strava.com/pros/722861,59
59,BARRAINKUA AGIRRE Ainhize,,60
60,BARRENETXEA Jon,,61
61,BARTA Will,https://www.strava.com/pros/831403,62
62,BARTHE Cyril,,63
63,BARTOLOZZI Andrea,https://www.strava.com/athletes/26007448,64
64,BAŠKA Erik,,65
65,BASSETT Stephen,https://www.strava.com/pros/622396,66
66,BASSO Leonardo,,67
67,BATTAGLIN Enrico,https://www.strava.com/pros/3018523,68
68,BATTISTELLA Samuele,https://www.strava.com/athletes/16571022,69
69,BAUER Jack,,70
70,BAUHAUS Phil,https://www.strava.com/pros/2217800,71
71,BAYER Tobias,https://www.strava.com/athletes/8409483,72
72,BEADLE Hamish,,73
73,BEAR Ido,,74
74,BEHRINGER Oliver,https://www.strava.com/athletes/1597609,75
75,BELLETTI Manuel,https://www.strava.com/pros/2508843,76
76,BELLICAUD Jeremy,https://www.strava.com/athletes/7652767,77
77,BEN MOSHE Yuval,https://www.strava.com/athletes/3409968,78
78,BENEDETTI Cesare,https://www.strava.com/athletes/1326031,79
79,BENHAMOUDA Mehdi,,80
80,BENNETT George,https://www.strava.com/pros/880187,81
81,BENNETT Sam,,82
82,BENNETT Sean,https://www.strava.com/athletes/326585,83
83,BENOIST Antoine,https://strava.com/athletes/8216019,84
84,BENOOT Tiesj,https://www.strava.com/pros/1128302,85
85,BEPPU Fumiyuki,https://www.strava.com/pros/6068080,86
86,BERHANE Natnael,,87
87,BERNAL Egan,https://www.strava.com/pros/2119306,88
88,BERNARD Julien,https://www.strava.com/pros/1903938,89
89,BERRADE Urko,https://www.strava.com/athletes/13308515,90
90,BERTAZZO Liam,,91
91,BERTHET Clément,,92
92,BERWICK Sebastian,,93
93,BETTIOL Alberto,https://www.strava.com/pros/16874183,94
94,BEULLENS Cédric,https://www.strava.com/pros/5250418,95
95,BEVILACQUA Mattia,,96
96,BEVILACQUA Simone,,97
97,BEVIN Patrick,,98
98,BEWLEY Sam,,99
99,BIDARD François,https://www.strava.com/pros/2916501,100
100,BIERMANS Jenthe,https://www.strava.com/athletes/2305481,101
101,BILBAO Pello,,102
102,BISOLTI Alessandro,,103
103,BISSEGGER Stefan,https://www.strava.com/athletes/4671192,104
104,BIZKARRA Mikel,https://www.strava.com/athletes/3673069,105
105,BJERG Mikkel,,106
106,BLIKRA Erlend,https://www.strava.com/athletes/4013766,107
107,BOARO Manuele,https://www.strava.com/athletes/2323390,108
108,BOASSON HAGEN Edvald,,109
109,BODNAR Maciej,,110
110,BOEV Igor,https://www.strava.com/athletes/36495113,111
111,BOHLI Tom,https://www.strava.com/athletes/41905231,112
112,BOILEAU Alan,,113
113,BOIVIN Guillaume,https://www.strava.com/athletes/616061,114
114,BOL Cees,https://www.strava.com/athletes/1331421,115
115,BOL Jetse,https://www.strava.com/pros/588876,116
116,BONIFAZIO Leonardo,https://www.strava.com/athletes/9722733,117
117,BONIFAZIO Niccolò,https://www.strava.com/pros/1554175,118
118,BONNAMOUR Franck,https://www.strava.com/pros/4018952,119
119,BONNET William,,120
120,BOOKWALTER Brent,https://www.strava.com/athletes/26475512,121
121,BOU Joan,https://www.strava.com/athletes/11168033,122
122,BOUCHARD Geoffrey,https://www.strava.com/pros/104028,123
123,BOUDAT Thomas,,124
124,BOUET Maxime,https://www.strava.com/pros/7331365,125
125,BOUHANNI Nacer,,126
126,BOUWMAN Koen,https://www.strava.com/pros/1993533,127
127,BRAMBILLA Gianluca,,128
128,BRAND Sam,https://www.strava.com/pros/1170160,129
129,BRÄNDLE Matthias,https://www.strava.com/pros/266080,130
130,BRAVO Garikoitz,https://www.strava.com/athletes/26353981,131
131,BRENNER Marco,,132
132,BRITTON Rob,https://www.strava.com/pros/1084629,133
133,BROWN Connor,,134
134,BROWN Nathan,https://www.strava.com/pros/259470,135
135,BRUNEL Alexys,https://www.strava.com/athletes/8411551,136
136,BRUSSENSKIY Gleb,,137
137,BUCHMANN Emanuel,https://www.strava.com/pros/2685219,138
138,BUITRAGO Santiago,,139
139,BURGAUDEAU Mathieu,https://www.strava.com/athletes/12274525,140
140,BURGHARDT Marcus,https://www.strava.com/pros/1803986,141
141,BURKE Jack,,142
142,BYSTRØM Sven Erik,https://www.strava.com/athletes/2542098,143
143,CABEDO Óscar,https://www.strava.com/athletes/5762377,144
144,CABOT Jérémy,,145
145,CAICEDO Jonathan Klever,,146
146,CALLE Juan Fernando,,147
147,CALMEJANE Lilian,https://www.strava.com/pros/1805247,148
148,CAM Maxime,https://www.strava.com/athletes/3966534,149
149,CAMARGO Diego Andrés,,150
150,CAMPENAERTS Victor,,151
151,CANAL Carlos,,152
152,CAÑAVERAL Johnatan,https://www.strava.com/athletes/8367340,153
153,CANOLA Marco,https://www.strava.com/athletes/13759019,154
154,CANTÓN Isaac,,155
155,CAPECCHI Eros,https://strava.com/athletes/7664988,156
156,CAPIOT Amaury,https://www.strava.com/pros/2613903,157
157,CARAPAZ Richard,https://www.strava.com/athletes/15104335,158
158,CARBONI Giovanni,https://www.strava.com/athletes/20511815,159
159,CARISEY Clément,https://www.strava.com/athletes/1577875,160
160,CARPENTER Robin,https://www.strava.com/pros/188840,161
161,CARR Simon,https://www.strava.com/athletes/3611828,162
162,CARRETERO Héctor,,163
163,CARTHY Hugh,,164
164,CARUSO Damiano,https://www.strava.com/pros/4084289,165
165,CARVALHO Andre,,166
166,CASTRILLO Jaime,https://www.strava.com/pros/3983729,167
167,CASTRIQUE Jonas,https://www.strava.com/athletes/2373068,168
168,CASTROVIEJO Jonathan,,169
169,CATAFORD Alexander,https://www.strava.com/athletes/3490359,170
170,CATALDO Dario,,171
171,CATTANEO Mattia,https://www.strava.com/athletes/10887608,172
172,CAVAGNA Rémi,https://www.strava.com/pros/2203430,173
173,CAVENDISH Mark,,174
174,CEPEDA Jefferson Alexander,,175
175,CEPEDA Jefferson Alveiro,,176
176,CERNÝ Josef,,177
177,CHAMPION Thomas,,178
178,CHAMPOUSSIN Clément,https://www.strava.com/athletes/3429256,179
179,CHARMIG Anthon,https://www.strava.com/athletes/4027056,180
180,CHAVES Esteban,https://www.strava.com/athletes/4119801,181
181,CHEREL Mikaël,https://www.strava.com/pros/2136208,182
182,CHERKASOV Nikolay,https://www.strava.com/athletes/20388790,183
183,CHERNETSKI Sergei,,184
184,CHEVALIER Maxime,,185
185,CHIRICO Luca,https://www.strava.com/athletes/46449479,186
186,CHRISTIAN Mark,,187
187,CICCONE Giulio,https://www.strava.com/pros/29028250,188
188,CIMA Damiano,,189
189,CIMA Imerio,,190
190,CIMOLAI Davide,https://www.strava.com/pros/20904837,191
191,CLAEYS Dimitri,https://www.strava.com/pros/4980290,192
192,CLANCY Stephen,,193
193,CLARKE Simon,https://strava.com/athletes/11460770,194
194,COLBRELLI Sonny,https://www.strava.com/athletes/2655853,195
195,COLLEONI Kevin,https://www.strava.com/athletes/3800500,196
196,COLMAN Alex,https://www.strava.com/pros/7604023,197
197,COMBAUD Romain,https://www.strava.com/athletes/5276222,198
198,CONCA Filippo,https://www.strava.com/athletes/10925190,199
199,CONCI Nicola,,200
200,CONSONNI Simone,https://www.strava.com/athletes/2824377,201
201,CONTI Valerio,,202
202,CONTRERAS Rodrigo,,203
203,COQUARD Bryan,https://www.strava.com/athletes/7633523,204
204,CORT Magnus,,205
205,CORTJENS Ryan,https://strava.com/athletes/11328609,206
206,COSNEFROY Benoît,,207
207,COSTA Rui,https://www.strava.com/athletes/63456809,208
208,COTÉ Pier-André,https://www.strava.com/athletes/1849243,209
209,COUSIN Jérôme,https://www.strava.com/pros/1789488,210
210,COVI Alessandro,https://www.strava.com/athletes/9286245,211
211,COVILI Luca,https://www.strava.com/athletes/9776534,212
212,CRADDOCK Lawson,https://www.strava.com/pros/259263,213
213,CRAS Steff,https://www.strava.com/pros/2195719,214
214,CUADRADO Unai,,215
215,CUADROS Álvaro,https://www.strava.com/pros/3988420,216
216,CULLAIGH Gabriel,https://www.strava.com/pros/602548,217
217,DAINESE Alberto,,218
218,DAL-CIN Matteo,https://www.strava.com/pros/909835,219
219,DALLA VALLE Nicolas,https://www.strava.com/athletes/18885585,220
220,DAUGE Lucas,,221
221,DAVIES Scott,https://www.strava.com/pros/568077,222
222,DAVY Clément,,223
223,DE BACKER Bert,https://www.strava.com/pros/3283509,224
224,DE BIE Sean,https://www.strava.com/pros/666711,225
225,DE BOD Stefan,https://www.strava.com/athletes/3103884,226
226,DE BONDT Dries,https://www.strava.com/athletes/1508855,227
227,DE BONIS Matteo,https://www.strava.com/athletes/6392625,228
228,DE BUYST Jasper,https://www.strava.com/athletes/84189953,229
229,DE GENDT Aimé,https://www.strava.com/pros/5052874,230
230,DE GENDT Thomas,https://www.strava.com/pros/1855274,231
231,DE KEIJZER Gerd,,232
232,DE KETELE Kenny,https://www.strava.com/pros/1644858,233
233,DE KLEIJN Arvid,,234
234,DE KORT Koen,https://www.strava.com/pros/2327652,235
235,DE LA CRUZ David,https://www.strava.com/pros/2014488,236
236,DE LA PARTE Víctor,,237
237,DE MARCHI Alessandro,https://www.strava.com/pros/9545283,238
238,DE PESTEL Sander,https://www.strava.com/pros/5501879,239
239,DE PLUS Jasper,,240
240,DE PLUS Laurens,https://www.strava.com/pros/4049155,241
241,DE ROSSI Lucas,,242
242,DE TIER Floris,https://www.strava.com/pros/1129713,243
243,DE VOS Adam,https://www.strava.com/pros/402858,244
244,DE VREESE Laurens,https://www.strava.com/pros/538528,245
245,DE VYLDER Lindsay,https://www.strava.com/pros/19308295,246
246,DE WILDE Gilles,https://www.strava.com/athletes/6316317,247
247,DE WINTER Ludwig,https://www.strava.com/pros/1763504,248
248,DEBESAY Yakob,,249
249,DEBUSSCHERE Jens,,250
250,DECLERCQ Benjamin,https://www.strava.com/pros/1023781,251
251,DECLERCQ Tim,https://www.strava.com/pros/1154552,252
252,DEGENKOLB John,https://www.strava.com/pros/6137589,253
253,DEKKER David,https://www.strava.com/athletes/1439295,254
254,DELACROIX Theo,,255
255,DELAGE Mickaël,,256
256,DELAPLACE Anthony,https://www.strava.com/pros/12853663,257
257,DELETTRE Alexandre,,258
258,DÉMARE Arnaud,https://www.strava.com/pros/1737657,259
259,DENNIS Rohan,,260
260,DENZ Nico,https://www.strava.com/pros/3423315,261
261,DEVENYNS Dries,https://www.strava.com/pros/3949717,262
262,DEVRIENDT Tom,https://www.strava.com/pros/7830934,263
263,DEWULF Stan,https://www.strava.com/athletes/3470393,264
264,DI RENZO Andrea,http://www.strava.com/athletes/9399506,265
265,DÍAZ José Manuel,https://www.strava.com/athletes/3407398,266
266,DILLIER Silvan,https://www.strava.com/pros/12427912,267
267,DINA Márton,https://www.strava.com/pros/3310687,268
268,DLAMINI Nic,https://www.strava.com/athletes/44778602,269
269,DOCKER Mitchell,,270
270,DOMBROWSKI Joe,https://www.strava.com/pros/276702,271
271,DONOVAN Mark,https://www.strava.com/pros/1284150,272
272,DOUBEY Fabien,https://www.strava.com/pros/8819545,273
273,DOULL Owain,https://www.strava.com/athletes/280368,274
274,DOWSETT Alex,https://www.strava.com/pros/505408,275
275,DRUCKER Jempy,,276
276,DUCHESNE Antoine,https://www.strava.com/pros/1786916,277
277,DUMOULIN Tom,,278
278,DUNBAR Eddie,,279
279,DUPONT Timothy,https://www.strava.com/pros/1709131,280
280,DURBRIDGE Luke,https://www.strava.com/athletes/1698342,281
281,DUVAL Julien,https://www.strava.com/pros/2191893,282
282,EARLE Nathan,https://www.strava.com/pros/1005431,283
283,EDET Nicolas,https://www.strava.com/pros/1621202,284
284,EDMONDSON Alex,,285
285,EEKHOFF Nils,https://www.strava.com/pros/3745308,286
286,EENKHOORN Pascal,https://www.strava.com/pros/1563189,287
287,EG Niklas,https://www.strava.com/athletes/8516384,288
288,EGHOLM Jakob,https://www.strava.com/athletes/9680598,289
289,EIKING Odd Christian,https://www.strava.com/pros/601836,290
290,EINHORN Itamar,https://www.strava.com/athletes/5096617,291
291,EL CHOKRI Mehdi,,292
292,EL FARES Julien,https://www.strava.com/pros/1710748,293
293,ELISSONDE Kenny,http://www.strava.com/pros/1387645,294
294,ELOSEGUI Iñigo,https://www.strava.com/athletes/2957127,295
295,ERVITI Imanol,,296
296,ETXEBERRIA Josu,,297
297,EVANS Alexander,https://www.strava.com/athletes/4663085,298
298,EVENEPOEL Remco,https://www.strava.com/athletes/23069503,299
299,EWAN Caleb,,300
300,EZQUERRA Jesús,https://www.strava.com/athletes/4743603,301
301,FABBRO Matteo,,302
302,FANCELLU Alessandro,https://www.strava.com/athletes/14866568,303
303,FEDELI Alessandro,,304
304,FEDOROV Yevgeniy,,305
305,FELLINE Fabio,https://www.strava.com/athletes/15726977,306
306,FENG Chun Kai,,307
307,FERASSE Thibault,,308
308,FERNÁNDEZ Delio,,309
309,FERNÁNDEZ Rubén,,310
310,FERRON Valentin,,311
311,FETTER Erik,https://www.strava.com/athletes/3909207,312
312,FINÉ Eddy,https://www.strava.com/athletes/2905568,313
313,FINETTO Mauro,,314
314,FIORELLI Filippo,https://www.strava.com/athletes/7178190,315
315,FLÓREZ Miguel Eduardo,https://www.strava.com/athletes/29568372,316
316,FORMOLO Davide,https://www.strava.com/pros/1850959,317
317,FORTUNATO Lorenzo,https://www.strava.com/athletes/3125765,318
318,FOSS Tobias,,319
319,FRAILE Omar,,320
320,FRANK Mathias,,321
321,FRANKINY Kilian,https://www.strava.com/pros/1400765,322
322,FRAPPORTI Marco,https://www.strava.com/pros/1841156,323
323,FRAPPORTI Mattia,https://www.strava.com/athletes/1783701,324
324,FRISON Frederik,,325
325,FROOME Chris,https://www.strava.com/pros/7491815,326
326,FUENTES Ángel,,327
327,FUGLSANG Jakob,,328
328,GABBURO Davide,,329
329,GAILLARD Marlon,,330
330,GALL Felix,https://www.strava.com/athletes/5060232,331
331,GALLOPIN Tony,,332
332,GALVÁN Francisco,,333
333,GAMPER Patrick,,334
334,GANNA Filippo,https://www.strava.com/pros/3574069,335
335,GARCÍA PIERNA Carlos,,336
336,GARCÍA CORTINA Iván,https://www.strava.com/pros/1292406,337
337,GARCIA GONZALEZ Sergio,,338
338,GARCÍA Jhojan,https://www.strava.com/athletes/6976598,339
339,GARCÍA PIERNA Raúl,,340
340,GAROSIO Andrea,,341
341,GARRISON Ian,https://www.strava.com/athletes/2436476,342
342,GASTAUER Ben,,343
343,GAUDIN Damien,,344
344,GAUDU David,https://www.strava.com/pros/4774417,345
345,GAUTIER Cyril,,346
346,GAVAZZI Francesco,https://www.strava.com/athletes/21712783,347
347,GAVIRIA Fernando,,348
348,GAZE Samuel,https://www.strava.com/athletes/14396227,349
349,GEBREMEDHIN Awet,,350
350,GENIETS Kevin,https://www.strava.com/athletes/13787818,351
351,GENIEZ Alexandre,https://www.strava.com/pros/1657853,352
352,GEOGHEGAN HART Tao,https://www.strava.com/pros/3264865,353
353,GESBERT Élie,https://www.strava.com/athletes/2321729,354
354,GESCHKE Simon,https://www.strava.com/pros/13872795,355
355,GESINK Robert,http://www.strava.com/pros/1216273,356
356,GHEBREIGZABHIER Amanuel,https://www.strava.com/athletes/63330472,357
357,GHIRMAY HAILU Biniam,,358
358,GHYS Robbe,https://www.strava.com/athletes/7061008,359
359,GIBBONS Ryan,https://www.strava.com/athletes/12772912,360
360,GIDICH Yevgeniy,https://www.strava.com/athletes/10361292,361
361,GILBERT Philippe,https://www.strava.com/athletes/3875398,362
362,GODON Dorian,https://www.strava.com/pros/1809256,363
363,GOGL Michael,,364
364,GOIKOETXEA Peio,https://www.strava.com/athletes/1900044,365
365,GOLAS Michal,,366
366,GOLDSTEIN Omer,https://www.strava.com/athletes/36281396,367
367,GONÇALVES José,https://www.strava.com/athletes/7793378,368
368,GONZÁLEZ Abner,,369
369,GONZÁLEZ David,https://www.strava.com/athletes/13720238,370
370,GONZÁLEZ Roberto Carlos,,371
371,GOOSSENS Kobe,https://www.strava.com/athletes/4411135,372
372,GOUGEARD Alexis,https://www.strava.com/athletes/9479785,373
373,GRADEK Kamil,,374
374,GRÁVALOS Arturo,,375
375,GREGAARD Jonas,https://www.strava.com/athletes/4056360,376
376,GREIPEL André,https://www.strava.com/pros/384548,377
377,GRELLIER Fabien,,378
378,GRIGNARD Sébastien,,379
379,GRMAY Tsgabu,https://www.strava.com/athletes/15806002,380
380,GROENEWEGEN Dylan,,381
381,GRONDIN Donavan,,382
382,GROßSCHARTNER Felix,,383
383,GROSU Eduard-Michael,https://www.strava.com/pros/1915664,384
384,GROVES Kaden,https://www.strava.com/athletes/6728810,385
385,GRUZDEV Dmitriy,,386
386,GUARNIERI Jacopo,,387
387,GUERNALEC Thibault,https://www.strava.com/pros/1751647,388
388,GUERREIRO Ruben,https://www.strava.com/pros/2289445,389
389,GUGLIELMI Simon,,390
390,HAAS Nathan,https://www.strava.com/pros/12924172,391
391,HAGA Chad,https://www.strava.com/pros/269660,392
392,HAGEN Carl Fredrik,https://www.strava.com/pros/134614,393
393,HAIG Jack,https://www.strava.com/pros/283726,394
394,HAILEMICHAEL Mulu Kinfe,,395
395,HALLER Marco,https://www.strava.com/pros/14762808,396
396,HALVORSEN Kristoffer,,397
397,HAMILTON Chris,https://www.strava.com/pros/2754904,398
398,HAMILTON Lucas,,399
399,HÄNNINEN Jaakko,https://www.strava.com/pros/4048714,400
400,HANSEN Lasse Norman,https://www.strava.com/pros/1187926,401
401,HARDY Romain,https://www.strava.com/pros/1760211,402
402,HARPER Chris,,403
403,HAUSSLER Heinrich,,404
404,HAYTER Ethan,https://www.strava.com/pros/601041,405
405,HENAO Sebastián,https://www.strava.com/pros/11152709,406
406,HENAO Sergio,,407
407,HENDRIKX Mees,https://www.strava.com/athletes/4688695,408
408,HENTTALA Joonas,,409
409,HEPBURN Michael,,410
410,HERMANS Ben,https://www.strava.com/athletes/593390,411
411,HERMANS Quinten,https://www.strava.com/athletes/9162783,412
412,HERRADA Jesús,,413
413,HERRADA José,,414
414,HERREGODTS Rune,https://www.strava.com/athletes/12429750,415
415,HIGUITA Sergio,,416
416,HINDLEY Jai,https://www.strava.com/pros/1760759,417
417,HINDSGAUL MADSEN Jacob,https://www.strava.com/athletes/17888092,418
418,HIRSCHI Marc,,419
419,HIRT Jan,https://www.strava.com/athletes/591813,420
420,HIVERT Jonathan,,421
421,HODEG Álvaro José,https://www.strava.com/athletes/9311914,422
422,HOELGAARD Daniel,https://www.strava.com/athletes/12249974,423
423,HOELGAARD Markus,https://www.strava.com/athletes/4047775,424
424,HOFLAND Moreno,http://www.strava.com/pros/806678,425
425,HOFSTEDE Lennard,https://www.strava.com/pros/8843343,426
426,HOFSTETTER Hugo,https://www.strava.com/athletes/10847439,427
427,HOLLENSTEIN Reto,https://www.strava.com/pros/19150197,428
428,HOLLMANN Juri,https://www.strava.com/athletes/26853748,429
429,HOLMES Matthew,https://www.strava.com/pros/306330,430
430,HONORÉ Mikkel Frølich,https://www.strava.com/athletes/270912,431
431,HOULE Hugo,https://www.strava.com/pros/288769,432
432,HOWES Alex,https://www.strava.com/pros/11673347,433
433,HOWSON Damien,,434
434,HULGAARD Morten,https://www.strava.com/athletes/44576934,435
435,HUYS Laurens,https://www.strava.com/pros/3418802,436
436,HVIDEBERG Jonas Iversby,https://www.strava.com/athletes/3625441,437
437,IACCHI Alessandro,https://www.strava.com/athletes/4672076,438
438,IBARGUREN Oier,,439
439,IMPEY Daryl,https://www.strava.com/pros/1714205,440
440,INKELAAR Kevin,https://www.strava.com/athletes/9678215,441
441,IRISARRI Jon,https://www.strava.com/pros/4000084,442
442,IRIZAR Julen,,443
443,IRVINE Declan,,444
444,ISHIGAMI Masahiro,,445
445,ITURRIA Mikel,https://www.strava.com/athletes/1398975,446
446,IZAGIRRE Gorka,,447
447,IZAGIRRE Ion,,448
448,JACOBS Johan,https://www.strava.com/pros/461374,449
449,JAIME Álex,,450
450,JAKOBSEN Fabio,,451
451,JANSE VAN RENSBURG Reinardt,https://www.strava.com/pros/3952107,452
452,JANSEN Amund Grøndahl,https://www.strava.com/athletes/4203551,453
453,JANSSENS Jimmy,https://www.strava.com/athletes/1644299,454
454,JAUREGUI Quentin,https://www.strava.com/pros/4334886,455
455,JENSEN August,https://www.strava.com/athletes/18311935,456
456,JERMAN Žiga,,457
457,JOHANSEN Julius,,458
458,JONES Taj,https://www.strava.com/athletes/11516170,459
459,JORGENSON Matteo,https://www.strava.com/athletes/557974,460
460,JOYCE Colin,https://www.strava.com/athletes/3418221,461
461,JUARISTI Txomin,,462
462,JULES Justin,,463
463,JULLIEN Anthony,,464
464,JUNGELS Bob,https://www.strava.com/pros/49597893,465
465,JUUL-JENSEN Christopher,,466
466,KÄMNA Lennard,https://www.strava.com/pros/27117126,467
467,KAMP Alexander,https://www.strava.com/athletes/14899637,468
468,KAMSTRA Brian,https://www.strava.com/pros/6033817,469
469,KANGERT Tanel,,470
470,KANTER Max,,471
471,KEISSE Iljo,https://www.strava.com/pros/2835838,472
472,KELDERMAN Wilco,https://www.strava.com/pros/479385,473
473,KEUKELEIRE Jens,https://www.strava.com/pros/8075081,474
474,KING Ben,http://www.strava.com/athletes/50757,475
475,KIRSCH Alex,https://www.strava.com/pros/2590526,476
476,KLÆBO Johannes Høsflot,,477
477,KLUGE Roger,,478
478,KNOX James,https://strava.com/athletes/2260636,479
479,KOCH Jonas,https://www.strava.com/pros/4067146,480
480,KOCHETKOV Pavel,,481
481,KONOVALOVAS Ignatas,https://www.strava.com/athletes/3481562,482
482,KONRAD Patrick,https://www.strava.com/pros/4571461,483
483,KONYCHEV Alexander,https://www.strava.com/athletes/26816676,484
484,KOOIJ Olav,,485
485,KRAGH ANDERSEN Asbjørn,,486
486,KRAGH ANDERSEN Søren,https://www.strava.com/athletes/27682210,487
487,KREDER Wesley,,488
488,KREUZIGER Roman,,489
489,KRIEGER Alexander,,490
490,KRISTOFF Alexander,https://www.strava.com/athletes/9232885,491
491,KRON Andreas,https://www.strava.com/athletes/8783869,492
492,KRUIJSWIJK Steven,https://www.strava.com/pros/3056059,493
493,KUDUS Merhawi,,494
494,KULSET Kristian,https://www.strava.com/athletes/1783594,495
495,KULSET Sindre,,496
496,KÜNG Stefan,https://www.strava.com/pros/133606,497
497,KUSS Sepp,https://www.strava.com/athletes/254096,498
498,KUSZTOR Péter,,499
499,KUZMIN Anton,https://www.strava.com/athletes/16044924,500
500,KUZNETSOV Viacheslav,,501
501,KWIATKOWSKI Michal,,502
502,LAAS Martin,https://www.strava.com/pros/2111315,503
503,LADAGNOUS Matthieu,https://www.strava.com/athletes/7348371,504
504,LAENGEN Vegard Stake,,505
505,LAFAY Victor,https://www.strava.com/athletes/3311860,506
506,LAMMERTINK Maurits,https://www.strava.com/athletes/11477652,507
507,LAMPAERT Yves,https://www.strava.com/pros/2916067,508
508,LANDA Mikel,,509
509,LANGEVELD Sebastian,,510
510,LAPORTE Christophe,https://www.strava.com/pros/3834960,511
511,LARSEN Niklas,,512
512,LASTRA Jonathan,https://www.strava.com/athletes/8089198,513
513,LATOUR Pierre,https://www.strava.com/pros/7347052,514
514,LAWLESS Chris,https://www.strava.com/athletes/295073,515
515,LAZKANO Oier,https://www.strava.com/athletes/9567228,516
516,LE GAC Olivier,https://www.strava.com/pros/1836077,517
517,LE TURNIER Mathias,https://www.strava.com/pros/3175306,518
518,LECROQ Jérémy,,519
519,LEDANOIS Kévin,,520
520,LEEMREIZE Gijs,,521
521,LEKNESSUND Andreas,,522
522,LEMOINE Cyril,https://www.strava.com/pros/1880115,523
523,LEYSEN Senne,https://www.strava.com/athletes/2922866,524
524,LIENHARD Fabian,https://www.strava.com/athletes/19161146,525
525,LIEPINŠ Emils,,526
526,LIETAER Eliot,,527
527,LINDEMAN Bert-Jan,https://www.strava.com/pros/7038403,528
528,LIVYNS Arjen,https://www.strava.com/pros/1614461,529
529,LOBATO Juan José,,530
530,LONARDI Giovanni,,531
531,LOPEZ Diego,,532
532,LÓPEZ Jordi,,533
533,LÓPEZ Juan Pedro,https://www.strava.com/athletes/3098895,534
534,LÓPEZ Miguel Ángel,,535
535,LÓPEZ-CÓZAR Juan Antonio,https://www.strava.com/athletes/7097988,536
536,LOUVEL Matis,https://www.strava.com/pros/6860614,537
537,LOWNDES Jason,,538
538,LOZANO David,,539
539,LUDVIGSSON Tobias,https://www.strava.com/pros/2420222,540
540,LUTSENKO Alexey,https://www.strava.com/athletes/19220743,541
541,MADAN Ahmed,,542
542,MÄDER Gino,https://www.strava.com/athletes/19914823,543
543,MADOUAS Valentin,https://www.strava.com/pros/2404608,544
544,MADRAZO Ángel,https://www.strava.com/pros/1870992,545
545,MAESTRI Mirco,https://www.strava.com/pros/23666757,546
546,MAITRE Florian,,547
547,MAJKA Rafal,,548
548,MALECKI Kamil,,549
549,MALUCELLI Matteo,https://www.strava.com/athletes/1732923,550
550,MANNION Gavin,https://www.strava.com/athletes/277422,551
551,MANZIN Lorrenzo,https://www.strava.com/athletes/7172433,552
552,MARCATO Marco,https://www.strava.com/pros/6898466,553
553,MARCHIORI Leonardo,,554
554,MARCZYNSKI Tomasz,,555
555,MARECZKO Jakub,https://www.strava.com/athletes/4929761,556
556,MARENGO Umberto,https://www.strava.com/athletes/2652993,557
557,MARIT Arne,https://www.strava.com/pros/37379741,558
558,MÄRKL Niklas,https://www.strava.com/athletes/15508012,559
559,MARQUEZ Marti,,560
560,MARTENS Paul,https://www.strava.com/pros/1675856,561
561,MARTIN Dan,,562
562,MARTÍN Gotzon,https://www.strava.com/athletes/13233761,563
563,MARTIN Guillaume,,564
564,MARTÍN Sergio Roman,https://www.strava.com/athletes/3209994,565
565,MARTIN Tony,,566
566,MARTINELLI Davide,,567
567,MARTÍNEZ Daniel Felipe,,568
568,MAS Enric,,569
569,MAS Lluís,https://www.strava.com/pros/1592337,570
570,MASNADA Fausto,https://www.strava.com/athletes/12312263,571
571,MATÉ Luis Ángel,https://www.strava.com/pros/2730001,572
572,MATTHEWS Michael,https://www.strava.com/pros/2468821,573
573,MAZZUCCO Fabio,https://www.strava.com/athletes/23212100,574
574,MCCABE Travis,https://www.strava.com/athletes/367688,575
575,MCLAY Daniel,https://www.strava.com/athletes/34780520,576
576,MCNULTY Brandon,https://www.strava.com/athletes/1126469,577
577,MEEUS Jordi,,578
578,MEINTJES Louis,https://www.strava.com/athletes/18340568,579
579,MEISEN Marcel,https://strava.com/athletes/1053827,580
580,MENDEZ Daniel Alejandro,,581
581,MENTEN Milan,https://www.strava.com/pros/2219780,582
582,MERLIER Tim,https://www.strava.com/pros/5727288,583
583,MERTENS Julian,https://www.strava.com/pros/3983163,584
584,MERTZ Rémy,https://www.strava.com/pros/2604562,585
585,MEURISSE Xandro,https://www.strava.com/pros/10545603,586
586,MEYER Cameron,,587
587,MEZGEC Luka,https://www.strava.com/pros/3613487,588
588,MILAN Jonathan,,589
589,MINALI Riccardo,https://www.strava.com/athletes/15718993,590
590,MIRZA Yousif,https://www.strava.com/athletes/14227221,591
591,MODOLO Sacha,https://www.strava.com/pros/27129740,592
592,MOHORIC Matej,,593
593,MOLANO Juan Sebastián,https://www.strava.com/athletes/9836996,594
594,MOLARD Rudy,https://www.strava.com/pros/1759446,595
595,MOLENAAR Alex,https://www.strava.com/pros/21183491,596
596,MOLLEMA Bauke,,597
597,MOLLY Kenny,https://www.strava.com/pros/7285895,598
598,MONACO Alessandro,,599
599,MONIQUET Sylvain,https://www.strava.com/athletes/10888294,600
600,MORA Sebastián,,601
601,MORENO Ivan,,602
602,MORICE Julien,https://www.strava.com/pros/5106272,603
603,MORIN Emmanuel,https://www.strava.com/athletes/9180611,604
604,MØRKØV Michael,https://www.strava.com/pros/9695585,605
605,MORTON Lachlan,,606
606,MOSCA Jacopo,,607
607,MOSCHETTI Matteo,,608
608,MOSCON Gianni,https://www.strava.com/athletes/3100044,609
609,MOZZATO Luca,,610
610,MÜHLBERGER Gregor,,611
611,MULLEN Ryan,https://www.strava.com/pros/307079,612
612,MULLER Gabriel,,613
613,MUNDAY Samuel,,614
614,MUÑOZ Cristian Camilo,,615
615,MUÑOZ Daniel,,616
616,MURGUIALDAY Jokin,,617
617,MURPHY Kyle,,618
618,NAESEN Lawrence,https://www.strava.com/pros/439826,619
619,NAESEN Oliver,https://www.strava.com/pros/440227,620
620,NAKANE Hideto,https://www.strava.com/athletes/21235737,621
621,NARVÁEZ Jhonatan,,622
622,NATAROV Yuriy,https://strava.com/athletes/14368061,623
623,NEILANDS Krists,https://www.strava.com/pros/12243285,624
624,NEKRASOV Denis,https://www.strava.com/athletes/25206273,625
625,NIBALI Antonio,https://www.strava.com/pros/1785181,626
626,NIBALI Vincenzo,https://www.strava.com/pros/8842341,627
627,NICOLAU Joel,,628
628,NIEUWENHUIS Joris,https://www.strava.com/athletes/2935665,629
629,NIEVE Mikel,,630
630,NIV Guy,https://www.strava.com/athletes/4748635,631
631,NIZZOLO Giacomo,,632
632,NOPPE Christophe,https://www.strava.com/pros/1964619,633
633,NORSGAARD Mathias,https://www.strava.com/pros/3983783,634
634,NOVAK Domen,https://www.strava.com/athletes/667297,635
635,NOVIKOV Savva,https://www.strava.com/athletes/15131615,636
636,NYCH Artem,https://www.strava.com/athletes/27139866,637
637,O'CONNOR Ben,https://www.strava.com/athletes/4097457,638
638,OKA Atsushi,,639
639,OKAMIKA Ander,https://www.strava.com/athletes/1679088,640
640,OLDANI Stefano,,641
641,OLIVEIRA Ivo,https://www.strava.com/athletes/3520134,642
642,OLIVEIRA Nelson,https://www.strava.com/pros/1366105,643
643,OLIVEIRA Rui,https://www.strava.com/athletes/6274194,644
644,OOMEN Sam,,645
645,ORONTE Emerson,https://www.strava.com/pros/664724,646
646,ORRICO Davide,https://www.strava.com/athletes/1220401,647
647,ORTS Felipe,https://strava.com/athletes/15684915,648
648,OSORIO Alejandro,,649
649,OSORIO Juan Felipe,https://www.strava.com/athletes/33069913,650
650,OSS Daniel,https://www.strava.com/pros/690926,651
651,OURSELIN Paul,https://www.strava.com/pros/1679361,652
652,OWEN Logan,https://www.strava.com/pros/439230,653
653,OWSIAN Lukasz,,654
654,PAASSCHENS Mathijs,https://www.strava.com/athletes/2543430,655
655,PACHER Quentin,https://www.strava.com/pros/1401877,656
656,PACIONI Luca,,657
657,PADUN Mark,,658
658,PAJUR Markus,,659
659,PALZER Anton,https://www.strava.com/pros/30466500,660
660,PAQUOT Tom,https://www.strava.com/pros/6324145,661
661,PARET-PEINTRE Aurélien,https://www.strava.com/pros/1821678,662
662,PARRA José Félix,,663
663,PASQUALON Andrea,,664
664,PEÁK Barnabás,https://www.strava.com/pros/7650668,665
665,PEARSON Daniel,,666
666,PEDERSEN Casper,https://www.strava.com/athletes/17999372,667
667,PEDERSEN Mads,https://www.strava.com/athletes/30350488,668
668,PEDRERO Antonio,,669
669,PELIKÁN János,,670
670,PELLAUD Simon,https://www.strava.com/pros/1783166,671
671,PELUCCHI Matteo,,672
672,PEÑALVER Manuel,https://www.strava.com/pros/18233538,673
673,PEREZ Anthony,https://www.strava.com/athletes/1678917,674
674,PÉRICHON Pierre-Luc,,675
675,PERNSTEINER Hermann,,676
676,PERON Andrea,,677
677,PERRY Benjamin,https://www.strava.com/athletes/812782,678
678,PETELIN Jan,,679
679,PETERS Nans,https://www.strava.com/pros/1662541,680
680,PETILLI Simone,https://www.strava.com/athletes/1847503,681
681,PETIT Adrien,https://www.strava.com/pros/5070415,682
682,PEYSKENS Dimitri,https://www.strava.com/athletes/1747204,683
683,PFINGSTEN Christoph,,684
684,PHILIPSEN Jasper,https://www.strava.com/pros/1727324,685
685,PHIPPEN Logan,,686
686,PICCOLI James,https://www.strava.com/pros/1703812,687
687,PICCOLO Andrea,,688
688,PICHON Laurent,https://www.strava.com/pros/4046772,689
689,PIDCOCK Thomas,https://www.strava.com/pros/16345903,690
690,PINOT Thibaut,http://www.strava.com/pros/1603067,691
691,PLANCKAERT Baptiste,,692
692,PLANCKAERT Edward,,693
693,PLANET Charles,,694
694,POELS Wout,https://www.strava.com/athletes/37745230,695
695,POGACAR Tadej,,696
696,POLANC Jan,https://www.strava.com/athletes/10166206,697
697,POLI Umberto,,698
698,POLITT Nils,https://www.strava.com/pros/2592883,699
699,PORTE Richie,https://www.strava.com/pros/6072239,700
700,PÖSTLBERGER Lukas,https://www.strava.com/pros/16697560,701
701,POWER Robert,,702
702,POWLESS Neilson,https://www.strava.com/pros/1557033,703
703,POZZOVIVO Domenico,https://www.strava.com/athletes/6800300,704
704,PRADES Eduard,https://www.strava.com/pros/9389733,705
705,PRICE-PEJTERSEN Johan,,706
706,PRODHOMME Nicolas,,707
707,PRONSKIY Vadim,,708
708,PUCCIO Salvatore,https://www.strava.com/pros/3068615,709
709,QUARTERMAN Charlie,https://www.strava.com/pros/1616670,710
710,QUINTANA Dayer,,711
711,QUINTANA Nairo,,712
712,RAJOVIC Dušan,,713
713,RAVANELLI Simone,,714
714,RAVASI Edward,,715
715,REICHENBACH Sébastien,https://www.strava.com/pros/850495,716
716,REIJNEN Kiel,,717
717,RENARD Alexis,https://www.strava.com/pros/5915515,718
718,REPA Vojtech,,719
719,RESELL Erik Nordsaeter,https://www.strava.com/athletes/972735,720
720,RESTREPO Jhonatan,https://www.strava.com/athletes/3433850,721
721,REX Laurenz,,722
722,REYNDERS Jens,https://metro.strava.com/pros/2490121,723
723,REZA Kévin,https://www.strava.com/pros/3989143,724
724,RIABUSHENKO Alexandr,https://www.strava.com/athletes/15178847,725
725,RICCITELLO Matthew,,726
726,RICHARDSON Alexander,https://www.strava.com/pros/7033791,727
727,RICHEZE Maximiliano,,728
728,RICKAERT Jonas,https://www.strava.com/pros/2738100,729
729,RIES Michel,https://www.strava.com/athletes/2676267,730
730,RIESEBEEK Oscar,https://www.strava.com/pros/1126609,731
731,RIKUNOV Petr,https://www.strava.com/athletes/36639209,732
732,RIOU Alan,https://www.strava.com/athletes/4548902,733
733,RIVERA Brandon Smith,https://www.strava.com/athletes/1769294,734
734,RIVERA Kevin,https://www.strava.com/athletes/19317173,735
735,RIVI Samuele,,736
736,ROBEET Ludovic,https://www.strava.com/athletes/3564229,737
737,ROBERGE Adam,,738
738,ROCHAS Rémy,https://www.strava.com/athletes/3286366,739
739,ROCHE Nicolas,https://www.strava.com/athletes/29960839,740
740,RODENBERG Frederik,,741
741,RODRIGUEZ Carlos,,742
742,RODRÍGUEZ Cristián,https://www.strava.com/athletes/9796680,743
743,RODRÍGUEZ Óscar,https://www.strava.com/pros/4776556,744
744,ROGLIC Primož,,745
745,ROJAS José Joaquín,https://www.strava.com/athletes/5180371,746
746,ROLLAND Pierre,https://www.strava.com/pros/3586046,747
747,ROMO Javier,,748
748,ROOSEN Timo,https://www.strava.com/pros/1515613,749
749,ROPERO Alejandro,,750
750,ROSA Diego,,751
751,ROSSKOPF Joey,,752
752,ROTA Lorenzo,https://www.strava.com/pros/5387245,753
753,ROUX Anthony,,754
754,ROVNY Ivan,https://www.strava.com/athletes/13065971,755
755,ROWE Luke,https://www.strava.com/pros/785450,756
756,RUBIO Diego,,757
757,RUBIO Einer Augusto,https://www.strava.com/athletes/13090041,758
758,RUIZ Ibon,,759
759,RUMAC Josip,https://www.strava.com/athletes/7309300,760
760,RUSSO Clément,https://www.strava.com/athletes/2905866,761
761,RUTSCH Jonas,,762
762,SABATINI Fabio,,763
763,SÁEZ Héctor,,764
764,SAGAN Juraj,,765
765,SAGAN Peter,,766
766,SAGIV Guy,,767
767,SAIDOV Ulugbek,,768
768,SAJNOK Szymon,https://www.strava.com/athletes/39834967,769
769,SALMON Martin,,770
770,SAMITIER Sergio,https://www.strava.com/pros/3804129,771
771,SÁNCHEZ Luis León,,772
772,SANCHEZ Pelayo,,773
773,SANCHEZ Sofia,,774
774,SANZ Enrique,,775
775,SARREAU Marc,https://www.strava.com/pros/4259094,776
776,SAUGSTAD Lars,https://www.strava.com/athletes/4449223,777
777,SAVINI Daniel,https://m.strava.com/athletes/4529953,778
778,SBARAGLI Kristian,https://www.strava.com/athletes/2006007,779
779,SCARONI Cristian,https://www.strava.com/athletes/18777210,780
780,SCHACHMANN Maximilian,,781
781,SCHÄR Michael,https://www.strava.com/pros/296808,782
782,SCHELLING Ide,,783
783,SCHELLING Patrick,https://www.strava.com/pros/1059089,784
784,SCHILLINGER Andreas,https://www.strava.com/pros/14588610,785
785,SCHMID Mauro,,786
786,SCHNEITER Joab,https://www.strava.com/pros/4402594,787
787,SCHÖNBERGER Sebastian,https://www.strava.com/athletes/10045754,788
788,SCHULTZ Nick,https://www.strava.com/pros/358580,789
789,SCHWARZMANN Michael,,790
790,SCOTSON Callum,,791
791,SCOTSON Miles,,792
792,SCULLY Tom,,793
793,SEIGLE Romain,,794
794,SELIG Rüdiger,https://www.strava.com/athletes/26565115,795
795,SÉNÉCHAL Florian,https://strava.com/athletes/32860766,796
796,SEPÚLVEDA Eduardo,https://www.strava.com/pros/13194699,797
797,SERRANO Gonzalo,https://www.strava.com/pros/3948047,798
798,SERRY Pieter,https://www.strava.com/pros/1832492,799
799,SEVILLA Diego Pablo,,800
800,SHALUNOV Evgeny,https://www.strava.com/athletes/36558465,801
801,SHEFFIELD Magnus,https://www.strava.com/athletes/12291626,802
802,SICARD Romain,,803
803,SIEBERG Marcel,,804
804,SIMEONI Elis,,805
805,SIMMONS Quinn,,806
806,SIMON Julien,https://www.strava.com/pros/2237545,807
807,SINKELDAM Ramon,https://www.strava.com/pros/17916554,808
808,ŠIŠKEVICIUS Evaldas,,809
809,SIVAKOV Pavel,https://www.strava.com/pros/1808024,810
810,SKAARSETH Anders,https://www.strava.com/athletes/994688,811
811,SKAARSETH Iver,https://www.strava.com/athletes/5946819,812
812,SKJELMOSE JENSEN Mattias,,813
813,SKUJINŠ Toms,,814
814,SLEEN Torjus,https://www.strava.com/athletes/18760483,815
815,SMIT Willie,https://www.strava.com/pros/1706312,816
816,SMITH Dion,https://www.strava.com/pros/1323252,817
817,SOBRERO Matteo,https://www.strava.com/athletes/7181420,818
818,SOLER Marc,https://www.strava.com/pros/1996868,819
819,SOSA Iván Ramiro,https://www.strava.com/athletes/13590474,820
820,SOTO Antonio Jesus,,821
821,SOUPE Geoffrey,https://www.strava.com/pros/2159156,822
822,SPRENGERS Thomas,https://www.strava.com/pros/1408559,823
823,STACCHIOTTI Riccardo,https://www.strava.com/athletes/9003530,824
824,STALNOV Nikita,https://www.strava.com/athletes/8901896,825
825,STANNARD Robert,https://www.strava.com/athletes/6394625,826
826,STEELS Stijn,https://www.strava.com/pros/1325926,827
827,STEIMLE Jannik,,828
828,STEWART Jake,,829
829,STOJNIC Veljko,,830
830,STOKBRO Andreas,https://www.strava.com/pros/4107267,831
831,STORER Michael,,832
832,STORK Florian,,833
833,STRAKHOV Dmitry,https://www.strava.com/athletes/24843600,834
834,STUYVEN Jasper,https://www.strava.com/pros/288335,835
835,ŠTYBAR Zdenek,,836
836,SUNDERLAND Dylan,https://www.strava.com/pros/1660424,837
837,SUREDA Jaume,https://www.strava.com/athletes/2067908,838
838,SUTER Joel,,839
839,SUTHERLAND Rory,,840
840,SÜTTERLIN Jasha,https://www.strava.com/pros/2582117,841
841,SWEECK Diether,,842
842,SWEENY Harry,https://www.strava.com/athletes/743112,843
843,SWIFT Ben,https://www.strava.com/pros/1476851,844
844,SWIFT Connor,https://www.strava.com/pros/863203,845
845,SWIRBUL Keegan,,846
846,TAARAMÄE Rein,https://www.strava.com/athletes/13248583,847
847,TAGLIANI Filippo,https://www.strava.com/athletes/3542239,848
848,TAMINIAUX Lionel,https://www.strava.com/athletes/12478124,849
849,TANFIELD Harry,https://www.strava.com/pros/1138679,850
850,TEJADA Harold,https://www.strava.com/athletes/11225647,851
851,TERPSTRA Niki,http://www.strava.com/pros/340874,852
852,TESFATSION Natnael,,853
853,TEUNISSEN Mike,https://www.strava.com/pros/1419979,854
854,TEUNS Dylan,,855
855,THEUNS Edward,https://www.strava.com/pros/1668485,856
856,THIJSSEN Gerben,https://www.strava.com/pros/3417988,857
857,THOMAS Benjamin,https://www.strava.com/athletes/1700745,858
858,THOMAS Geraint,,859
859,THWAITES Scott,https://www.strava.com/pros/269031,860
860,TIBERI Antonio,https://www.strava.com/athletes/13764349,861
861,TILLER Rasmus,,862
862,TOLHOEK Antwan,,863
863,TONELLI Alessandro,https://www.strava.com/athletes/3194779,864
864,TORRES Albert,https://www.strava.com/athletes/584854,865
865,TORTOMASI Leonardo,,866
866,TOUMIRE Hugo,,867
867,TOUZÉ Damien,https://www.strava.com/athletes/2926114,868
868,TRÆEN Torstein,,869
869,TRAININI Tomas,,870
870,TRARIEUX Julien,https://www.strava.com/athletes/1729691,871
871,TRATNIK Jan,,872
872,TRENTIN Matteo,,873
873,TROIA Oliviero,https://www.strava.com/athletes/1311227,874
874,TULETT Ben,,875
875,TUREK Daniel,https://www.strava.com/pros/2716222,876
876,TURGIS Anthony,,877
877,TUSVELD Martijn,http://www.strava.com/pros/648928,878
878,UIJTDEBROEKS Cian,,879
879,ULISSI Diego,,880
880,UMBA Santiago,,881
881,URÁN Rigoberto,https://www.strava.com/pros/1514397,882
882,URBANO Carmelo,,883
883,URIANSTAD Martin,https://www.strava.com/athletes/13682757,884
884,VACEK Karel,https://www.strava.com/athletes/26479654,885
885,VACEK Mathias,,886
886,VAHTRA Norman,https://www.strava.com/athletes/28007299,887
887,VAKOC Petr,,888
888,VALGREN Michael,https://www.strava.com/pros/2109462,889
889,VALLÉE Boris,https://www.strava.com/pros/5968580,890
890,VALLS Rafael,,891
891,VALTER Attila,https://www.strava.com/athletes/3046537,892
892,VALVERDE Alejandro,https://www.strava.com/athletes/25407057,893
893,VAN AERT Wout,https://www.strava.com/pros/189040,894
894,VAN ASBROECK Tom,https://www.strava.com/pros/387215,895
895,VAN AVERMAET Greg,http://www.strava.com/pros/287820,896
896,VAN BAARLE Dylan,https://www.strava.com/pros/490505,897
897,VAN DEN BERG Julius,https://www.strava.com/pros/1651134,898
898,VAN DEN BERG Lars,https://metro.strava.com/pros/17170741,899
899,VAN DEN BOSSCHE Fabio,https://www.strava.com/athletes/1867924,900
900,VAN DER HOORN Taco,https://www.strava.com/athletes/676750,901
901,VAN DER POEL David,https://www.strava.com/pros/542394,902
902,VAN DER POEL Mathieu,https://www.strava.com/pros/559834,903
903,VAN DER SANDE Tosh,https://www.strava.com/pros/1750959,904
904,VAN DER TUUK Danny,,905
905,VAN ELZAKKER Wout,https://www.strava.com/athletes/4581235,906
906,VAN EMDEN Jos,https://www.strava.com/pros/7660926,907
907,VAN EMPEL Etienne,https://www.strava.com/pros/1149352,908
908,VAN GARDEREN Tejay,https://www.strava.com/pros/3391355,909
909,VAN GENECHTEN Jonas,,910
910,VAN GESTEL Dries,,911
911,VAN GILS Maxim,https://www.strava.com/pros/19005138,912
912,VAN HOECKE Gijs,http://www.strava.com/pros/1615119,913
913,VAN HOOYDONCK Nathan,https://www.strava.com/athletes/1164101,914
914,VAN KESSEL Corné,https://www.strava.com/pros/957045,915
915,VAN LERBERGHE Bert,,916
916,VAN MELSEN Kévin,https://www.strava.com/pros/4227606,917
917,VAN MOER Brent,https://www.strava.com/athletes/3855537,918
918,VAN POPPEL Boy,,919
919,VAN POPPEL Danny,https://www.strava.com/pros/994476,920
920,VAN POUCKE Aaron,https://www.strava.com/pros/7967844,921
921,VAN ROOY Kenneth,,922
922,VAN WILDER Ilan,https://www.strava.com/athletes/13125039,923
923,VAN WINDEN Dennis,https://www.strava.com/pros/2021447,924
924,VANBILSEN Kenneth,https://www.strava.com/athletes/2393015,925
925,VANDENABEELE Henri,,926
926,VANDEPUTTE Niels,https://strava.com/athletes/8201227,927
927,VANENDERT Jelle,,928
928,VANHOOF Ward,https://www.strava.com/athletes/14929135,929
929,VANHOUCKE Harm,https://www.strava.com/pros/3416738,930
930,VANMARCKE Sep,,931
931,VANSEVENANT Mauri,,932
932,VANSPEYBROUCK Pieter,,933
933,VAUQUELIN Kevin,https://www.strava.com/athletes/24668658,934
934,VELASCO Simone,https://www.strava.com/pros/522423,935
935,VENCHIARUTTI Nicola,,936
936,VENDRAME Andrea,,937
937,VENNER Quentin,https://www.strava.com/athletes/6547917,938
938,VENTURINI Clément,https://www.strava.com/pros/1932146,939
939,VERGAERDE Otto,https://www.strava.com/pros/3123001,940
940,VERMAERKE Kevin,https://www.strava.com/athletes/29140444,941
941,VERMEERSCH Florian,https://www.strava.com/athletes/9421925,942
942,VERMEERSCH Gianni,https://www.strava.com/pros/1978998,943
943,VERONA Carlos,http://www.strava.com/pros/1405137,944
944,VERSCHAEVE Viktor,https://www.strava.com/pros/3092222,945
945,VERVAEKE Louis,https://www.strava.com/pros/1123635,946
946,VERVLOESEM Xandres,https://www.strava.com/athletes/20187980,947
947,VERWILST Aaron,https://www.strava.com/pros/13084830,948
948,VIEGAS Daniel,,949
949,VIEL Mattia,https://www.strava.com/athletes/3005446,950
950,VIGO Martí,,951
951,VILLELLA Davide,https://www.strava.com/pros/1756844,952
952,VINE Jay,https://www.strava.com/athletes/4057312,953
953,VINGEGAARD Jonas,https://www.strava.com/athletes/10495058,954
954,VINJEBO Emil,https://www.strava.com/athletes/1675720,955
955,VISCONTI Giovanni,https://www.strava.com/pros/2957348,956
956,VIVIANI Attilio,https://www.strava.com/athletes/12726147,957
957,VIVIANI Elia,,958
958,VLASOV Aleksandr,,959
959,VLIEGEN Loïc,https://www.strava.com/athletes/2333960,960
960,VUILLERMOZ Alexis,https://www.strava.com/pros/1934385,961
961,WACKERMANN Luca,https://www.strava.com/pros/18849972,962
962,WÆRENSKJOLD Søren,https://www.strava.com/athletes/17599254,963
963,WÆRSTED Syver,,964
964,WALLAYS Jelle,https://strava.com/athletes/16345356,965
965,WALLS Matthew,,966
966,WALSCHEID Max,https://www.strava.com/pros/2323575,967
967,WALSLEBEN Philipp,https://www.strava.com/pros/704876,968
968,WANDAHL Frederik,,969
969,WARBASSE Larry,https://www.strava.com/pros/197359,970
970,WARLOP Jordi,https://www.strava.com/pros/19342022,971
971,WEEMAES Sasha,,972
972,WELLENS Tim,https://www.strava.com/pros/366860,973
973,WELTEN Bram,https://www.strava.com/athletes/16358800,974
974,WHELAN James,https://www.strava.com/pros/3356275,975
975,WILLEMS Thimo,https://www.strava.com/athletes/23710274,976
976,WILLIAMS Stephen,https://www.strava.com/athletes/1109766,977
977,WIRTGEN Luc,,978
978,WIRTGEN Tom,,979
979,WISNIOWSKI Lukasz,,980
980,WOODS Michael,https://www.strava.com/pros/425147,981
981,WRIGHT Fred,https://www.strava.com/pros/25495602,982
982,WURF Cameron,https://www.strava.com/pros/430673,983
983,WÜRTZ SCHMIDT Mads,https://www.strava.com/athletes/2109406,984
984,WYNANTS Maarten,https://www.strava.com/pros/576925,985
985,YATES Adam,http://www.strava.com/pros/259171,986
986,YATES Simon,http://www.strava.com/pros/278282,987
987,ZABEL Rick,https://www.strava.com/pros/2557063,988
988,ZACCANTI Filippo,,989
989,ZAKARIN Ilnur,,990
990,ZAKHAROV Artyom,,991
991,ZANA Filippo,https://www.strava.com/athletes/39169689,992
992,ZANONCELLO Enrico,,993
993,ZARDINI Edoardo,https://www.strava.com/athletes/3689004,994
994,ZEITS Andrey,https://www.strava.com/activities/577057091,995
995,ZHYHUNOU Dzmitry,,996
996,ZIMMERMANN Georg,https://www.strava.com/athletes/5284986,997
997,ZINGLE Axel,https://www.strava.com/athletes/6973093,998
998,ZOCCARATO Samuele,https://www.strava.com/athletes/9135247,999
999,ZUKOWSKY Nickolas,,1000
1000,ZWIEHOFF Ben,https://www.strava.com/pros/1118391,1001
1001,FELLMANN Daniel-Jonas,,1002
1002,FREULER Jan-André,,1003
1003,HÄSSIG Marco,,1004
1004,HUMM Daniel,,1005
1005,JANS Roy,https://www.strava.com/athletes/1015750,1006
1006,KUNZ Dominic,,1007
1007,LANGELLOTTI Victor,https://www.strava.com/pros/1454785,1008
1008,NAVARRO Daniel,,1009
1009,NUHA Blerton,,1010
1010,PARPAN Dominik,,1011
1011,PONOMAR Andrii,https://www.strava.com/athletes/24521924,1012
1012,SCHMID Diego,,1013
1013,STEINER Jan,,1014
1014,STÖCKLI Jan,,1015
1015,VORRIAS Ioannis,,1016
1016,ZÜRCHER Kevin,,1017
1017,RÄIM Mihkel,https://www.strava.com/pros/2469093,1090
1018,YECHEZKEL Aviv,,1091
1019,PLAZA Rubén,,1092
1020,ENGER Sondre Holst,,1093
1021,LEMUS Luis,https://www.strava.com/athletes/1150402,1094
1022,DEMPSTER Zak,https://www.strava.com/athletes/365015,1095
1023,GOLDSTEIN Roy,https://www.strava.com/athletes/1492619,1096
1024,SCHREURS Hamish,https://www.strava.com/athletes/5943644,1097
1025,WILLIAMS Tyler,,1098
1026,DUNNE Conor,https://www.strava.com/athletes/759393,1099
1027,OVETT Freddy,,1100
1028,LAHAV Omer,,1101
1029,ARRIETA Igor,,1102
1030,BARONCINI Filippo,,1103
1031,BONILLO Iker,,1104
1032,BONNET Thomas,,1105
1033,COBO Iván,,1106
1034,COLNAGHI Luca,,1107
1035,DAUPHIN Florian,,1108
1036,DE LIE Arnaud,,1109
1037,DELPHIS Thomas,,1110
1038,GROß Felix,,1111
1039,HELLEMOSE Asbjørn,https://www.strava.com/athletes/5502015,1112
1040,HESSMANN Michel,,1113
1041,HOOLE Daan,,1114
1042,JEANNIERE Emilien,,1115
1043,JOHANNESSEN Anders Halland,,1116
1044,JOHANNESSEN Tobias Halland,,1117
1045,JOUSSEAUME Alan,,1118
1046,LAGRÉE Adrien,,1119
1047,LAPEIRA Paul,,1120
1048,LAURANCE Axel,,1121
1049,LE BERRE Mathis,,1122
1050,MULUBRHAN Henok,,1123
1051,PARET-PEINTRE Valentin,,1124
1052,PIETERSE Puck,,1125
1053,RETAILLEAU Valentin,,1126
1054,VAN DIJKE Mick,,1127
1055,VERMOTE Julien,,1128
1056,VOISARD Yannis,https://www.strava.com/athletes/6743305,1129
1057,HOLLYMAN Mason,,1130
1058,BOUCEK Jakub,,1131
1059,MACKELLAR Alastair,,1132
1060,ABU-FARES Saned,,1133
1061,PICKRELL Riley,,1134
1062,GOLDSTEIN Edo,,1135
1063,PLAMONDON Robin,,1136
