,full_name,cyclist_id,url
0,LEBRETON Jacques,1138,https://www.strava.com/athletes/32821086
1,OSBORNE Jason,1140,https://www.strava.com/pros/15310584
2,VAN TRICHT Stan,1142,https://www.strava.com/pros/31191629
3,PLAPP Luke,1145,https://www.strava.com/athletes/41083066
4,JARNET Maxime,1148,https://www.strava.com/athletes/27595856
5,GOH Choon Huat,1151,https://www.strava.com/athletes/146498
6,FISHER-BLACK Finn,1156,https://www.strava.com/athletes/2099192
7,RICHARDSON Alexandar,1159,https://www.strava.com/pros/7033791
8,ROCCHETTA Cristian,1161,https://www.strava.com/athletes/1641536
9,ZAMBELLI Samuele,1163,https://www.strava.com/athletes/17840086
10,DESAL Ceriel,1167,https://www.strava.com/athletes/47045750
11,MORENO Adrià,1169,https://www.strava.com/athletes/722757
12,PIGANZOLI Davide,1178,https://www.strava.com/athletes/23174762
13,DVERSNES Fredrik,1184,https://www.strava.com/athletes/15517763
14,LUCCA Riccardo,1185,https://www.strava.com/athletes/2568249
15,LUNDER Eirik,1186,https://www.strava.com/athletes/10715325
16,CHRÉTIEN Charles-Étienne,1187,https://strava.com/athletes/22011713
17,PARISELLA Raphael,1188,https://www.strava.com/athletes/24379225
18,SHEEHAN Riley,1189,https://www.strava.com/athletes/2311517
19,MASOTTO Giulio,1192,https://www.strava.com/athletes/5303751
20,TOSIN Ricardo,1194,https://www.strava.com/athletes/14210727
21,CHEVRIER Clément,1195,https://www.strava.com/pros/1634025
22,RAUGEL Antoine,1197,https://www.strava.com/athletes/60143625
23,VANDENBERGH Stijn,1198,https://www.strava.com/athletes/1825049
24,VERGER Simon,1199,https://www.strava.com/athletes/25568489
25,BIZHIGITOV Zhandos,1200,https://www.strava.com/athletes/42364998
26,FOMINYKH Daniil,1202,https://strava.com/athletes/13394459
27,BOLE Grega,1203,https://www.strava.com/pros/2261653
28,PIBERNIK Luka,1204,https://www.strava.com/athletes/9112966
29,MCCARTHY Jay,1206,https://www.strava.com/pros/182599
30,POLJAŃSKI Paweł,1207,https://strava.com/athletes/19985181
31,PALUTA Michał,1208,https://www.strava.com/athletes/15962338
32,VAN KEIRSBULCK Guillaume,1210,https://www.strava.com/pros/1789722
33,VENTOSO Francisco José,1211,https://www.strava.com/pros/1231348
34,MATHIS Marco,1213,https://www.strava.com/pros/5103065
35,ROSSETTO Stéphane,1214,https://www.strava.com/athletes/27036849
36,QUINN Sean,1215,https://www.strava.com/athletes/5798962
37,VILLALOBOS Luis,1216,https://www.strava.com/athletes/17843139
38,VINCENT Léo,1217,https://strava.com/athletes/3143676
39,KNEES Christian,1219,https://www.strava.com/pros/2455522
40,IVERSEN Rasmus,1223,https://www.strava.com/athletes/4993592
41,MAES Nikolas,1224,https://www.strava.com/pros/9176921
42,VAN GOETHEM Brian,1225,https://www.strava.com/pros/3684079
43,ALBASINI Michael,1226,https://www.strava.com/pros/780854
44,CARBEL Michael,1229,https://www.strava.com/athletes/3777776
45,DYBALL Benjamin,1230,https://www.strava.com/pros/6762797
46,GASPAROTTO Enrico,1231,https://www.strava.com/athletes/49503094
47,IRIBE Shotaro,1232,https://www.strava.com/athletes/18336563
48,THOMSON Jay Robert,1233,https://www.strava.com/pros/2195375
49,WYSS Danilo,1234,https://www.strava.com/pros/2599710
50,LEEZER Tom,1235,https://www.strava.com/athletes/22259638
51,CLARKE Will,1236,https://www.strava.com/pros/2332012
52,FAGERHAUG Petter,1238,https://www.strava.com/athletes/983735
53,KIELICH Timo,1239,https://strava.com/athletes/3732430
54,PETRUS Lubomir,1240,https://www.strava.com/athletes/7702279
55,BOECKMANS Kris,1243,https://www.strava.com/pros/1967043
56,GAREL Adrien,1245,https://www.strava.com/athletes/3490128
57,LE BON Johan,1246,https://www.strava.com/athletes/15869751
58,MOTTIER Justin,1247,https://www.strava.com/pros/6731460
59,TURGIS Jimmy,1249,https://www.strava.com/athletes/10414359
60,VICHOT Arthur,1250,https://www.strava.com/pros/1522671
61,BENFATTO Marco,1251,https://www.strava.com/athletes/4876079
62,FILOSI Iuri,1252,https://www.strava.com/athletes/2656389
63,ORSINI Umberto,1253,https://www.strava.com/pros/4951011
64,PESSOT Alessandro,1254,https://www.strava.com/athletes/5921881
65,ROMANO Francesco,1255,https://www.strava.com/athletes/12033921
66,SENNI Manuel,1256,https://www.strava.com/pros/26595296
67,ISTA Kevyn,1257,https://www.strava.com/athletes/2463553
68,NÕMMELA Aksel,1259,https://www.strava.com/athletes/7957544
69,GIBSON Matthew,1262,https://www.strava.com/athletes/2117152
70,GUERRERO Pablo,1263,https://www.strava.com/athletes/1876677
71,NEVES FERNANDES José Carlos Prates,1264,https://www.strava.com/pros/2644906
72,SESSLER Nícolas,1265,https://www.strava.com/pros/644524
73,VILELA Ricardo,1266,https://www.strava.com/pros/4753119
74,BALLESTEROS Miguel Ángel,1267,https://www.strava.com/athletes/7422725
75,CAÑELLAS Xavier,1268,https://www.strava.com/pros/1709071
76,DE DECKER Alfdan,1269,https://www.strava.com/athletes/2956675
77,DEGAND Thomas,1270,https://www.strava.com/pros/4587013
78,OFFREDO Yoann,1271,https://www.strava.com/pros/11394929
79,KULIKOV Vladislav,1273,https://www.strava.com/athletes/32608936
80,KULIKOVSKIY Alexandr,1274,https://www.strava.com/athletes/37046240
81,KURIANOV Stepan,1275,https://www.strava.com/athletes/32752305
82,RYBALKIN Aleksey,1276,https://www.strava.com/athletes/36543340
83,NAVARDAUSKAS Ramūnas,1277,https://www.strava.com/pros/28185965
84,ANDERSON Ryan,1278,https://www.strava.com/pros/13008634
85,ELLSAY Nigel,1279,https://www.strava.com/athletes/3530526
86,GUÉGAN Maël,1280,https://www.strava.com/athletes/22243648
87,MAGNER Ty,1281,https://www.strava.com/athletes/1013719
88,TESSON Jason,1283,https://www.strava.com/athletes/12770792
89,BUDDING Martijn,1285,https://www.strava.com/athletes/4331431
90,ERIKSSON Lucas,1286,https://www.strava.com/athletes/2809783
91,HAVIK Piotr,1287,http://www.strava.com/pros/1120791
92,KONGSTAD Tobias,1288,https://www.strava.com/athletes/4107078
93,LISSON Christoffer,1289,https://www.strava.com/athletes/7642686
94,LUNKE Sindre,1290,https://www.strava.com/pros/787499
95,MAGNUSSON Kim,1291,https://www.strava.com/athletes/720544
96,QUAADE Rasmus,1292,https://www.strava.com/athletes/1820539
97,REINDERS Elmar,1293,https://www.strava.com/pros/19222952
98,SCHULTZ Jesper,1294,https://www.strava.com/athletes/5114165
99,SHAW James,1295,https://www.strava.com/athletes/4848511
100,VAN DER LIJKE Nick,1296,https://www.strava.com/pros/1304350
101,VEYHE Torkil,1297,https://www.strava.com/athletes/2483022
102,WALLIN Rasmus Bøgh,1298,https://www.strava.com/athletes/4107310
103,DELTOMBE Kevin,1299,https://www.strava.com/pros/2445348
104,PLANCKAERT Emiel,1300,https://www.strava.com/athletes/1850365
105,JARRIER Benoît,1301,https://www.strava.com/athletes/12607349
106,LE ROUX Romain,1302,https://www.strava.com/athletes/12541394
107,VACHON Florian,1304,https://www.strava.com/athletes/31100833
108,CARDIS Romain,1305,https://www.strava.com/pros/8070536
109,LIGTHART Pim,1306,https://www.strava.com/pros/699991
110,MENANT Théo,1307,https://www.strava.com/athletes/25992289
111,SELLIER Simon,1308,https://www.strava.com/pros/3862386
112,BONGIORNO Francesco Manuel,1310,https://www.strava.com/pros/3689012
113,BAGDONAS Gediminas,1313,https://www.strava.com/pros/10403487
114,DUMOULIN Samuel,1314,https://www.strava.com/pros/3114986
115,DUPONT Hubert,1315,https://www.strava.com/athletes/49452241
116,KOREN Kristijan,1317,https://www.strava.com/pros/2858063
117,KENNAUGH Peter,1319,https://www.strava.com/athletes/3310092
118,ANTUNES Amaro,1321,https://www.strava.com/athletes/32408511
119,BERNAS Paweł,1322,https://www.strava.com/pros/20732635
120,TEN DAM Laurens,1323,http://www.strava.com/pros/186522
121,ZOIDL Riccardo,1324,https://www.strava.com/athletes/24979185
122,PHINNEY Taylor,1326,http://www.strava.com/pros/110144
123,MORABITO Steve,1327,https://www.strava.com/pros/183673
124,PREIDLER Georg,1328,https://www.strava.com/pros/4236847
125,BLYTHE Adam,1330,https://www.strava.com/pros/1636003
126,LAMBRECHT Bjorg,1331,https://www.strava.com/athletes/28233128
127,MONFORT Maxime,1332,https://www.strava.com/pros/1904365
128,WOUTERS Enzo,1333,https://www.strava.com/pros/2354787
129,FOUCHÉ James,1334,https://www.strava.com/pros/4851916
130,ROSÓN Jaime,1337,https://www.strava.com/athletes/32959840
131,JANSE VAN RENSBURG Jacques,1341,https://www.strava.com/pros/3402367
132,RENSHAW Mark,1342,https://www.strava.com/athletes/1258798
133,VENTER Jaco,1343,https://www.strava.com/pros/3302796
134,OLIVIER Daan,1345,https://www.strava.com/pros/791821
135,BOSWELL Ian,1346,https://www.strava.com/pros/262535
136,ŠPILAK Simon,1349,https://www.strava.com/athletes/13747235
137,KOOISTRA Marten,1352,https://www.strava.com/pros/4805595
138,DEBEAUMARCHÉ Nicolas,1353,https://www.strava.com/athletes/18929295
139,IRIZAR Markel,1355,https://www.strava.com/athletes/10231740
140,PANTANO Jarlinson,1356,https://www.strava.com/athletes/22906462
141,STETINA Peter,1357,https://www.strava.com/pros/3645709
142,BEERS Matthew,1358,https://www.strava.com/athletes/2301114
143,MONTAGUTI Matteo,1364,https://www.strava.com/pros/2424131
144,BARBIN Enrico,1365,https://www.strava.com/pros/1423405
145,BRESCIANI Michael,1366,https://www.strava.com/pros/7177418
146,GUARDINI Andrea,1367,https://www.strava.com/pros/867729
147,MARONESE Marco,1368,https://www.strava.com/athletes/4884884
148,SIMION Paolo,1369,https://www.strava.com/pros/2176156
149,BICO Nuno,1370,https://www.strava.com/pros/3211284
150,LÓPEZ Daniel,1371,https://www.strava.com/pros/1720003
151,ROBREDO Álvaro,1372,https://www.strava.com/pros/2175978
152,BANASZEK Alan,1373,https://www.strava.com/pros/6766614
153,MOLINA Antonio,1375,https://www.strava.com/pros/1711929
154,MOREIRA Mauricio,1376,https://www.strava.com/athletes/33792628
155,PASCUAL Eusebio,1378,https://www.strava.com/athletes/8794940
156,SOTO Nelson Andrés,1379,https://www.strava.com/athletes/8053834
157,ATAPUMA Darwin,1380,https://www.strava.com/athletes/37218423
158,CHETOUT Loïc,1382,https://www.strava.com/athletes/15270478
159,FORTIN Filippo,1383,https://www.strava.com/athletes/553380
160,CLÉ Brent,1386,https://www.strava.com/athletes/2346717
161,MEEUSEN Tom,1388,https://strava.com/athletes/553718
162,GUERIN Alexis,1392,https://www.strava.com/pros/2357529
163,JONES Brenton,1394,https://www.strava.com/athletes/550866
164,LEVEAU Jérémy,1396,https://www.strava.com/athletes/3281320
165,MORENO Javier,1397,https://www.strava.com/athletes/4044192
166,SCHMIDT Fabien,1398,https://www.strava.com/athletes/2173771
167,BARRENETXEA Ander,1399,https://www.strava.com/athletes/14380314
168,UDONDO Gotzon,1403,https://www.strava.com/athletes/1670102
169,ARSLANOV Ildar,1405,https://www.strava.com/athletes/21513749
170,KOBERNYAK Evgeny,1407,https://www.strava.com/athletes/31343453
171,KURBATOV Alexey,1408,https://www.strava.com/athletes/31409265
172,POPOV Anton,1410,https://www.strava.com/athletes/32402498
173,PORSEV Alexander,1411,https://www.strava.com/athletes/27279592
174,STASH Mamyr,1413,https://www.strava.com/athletes/11126344
175,BROWN Jonny,1416,https://www.strava.com/athletes/2114289
176,DAVIS Cole,1417,https://www.strava.com/athletes/437664
177,MOSTOV Zeke,1419,https://www.strava.com/athletes/166790
178,ZIJLAARD Maikel,1422,https://www.strava.com/pros/10087367
179,GÓMEZ Bryan,1425,https://www.strava.com/athletes/8350667
180,JARAMILLO Daniel,1426,https://www.strava.com/athletes/1450095
181,PARRA Jordan,1430,https://www.strava.com/athletes/9112353
182,REYES Aldemar,1432,https://www.strava.com/athletes/29083345
183,SUAZA Bernardo,1435,https://www.strava.com/athletes/40419609
184,FONZI Giuseppe,1436,https://www.strava.com/pros/3243335
185,MARCHETTI Moreno,1437,https://www.strava.com/athletes/14341117
186,RAGGIO Luca,1438,https://www.strava.com/athletes/1737651
187,HATSUYAMA Sho,1441,https://www.strava.com/athletes/7099692
188,NISHIMURA Hiroki,1445,https://www.strava.com/athletes/28009789
189,YOSHIDA Hayato,1447,https://www.strava.com/athletes/23570097
190,HUFFMAN Evan,1448,https://www.strava.com/pros/120454
191,TUFT Svein,1449,https://www.strava.com/athletes/3372367
192,BRØCHNER Nicolai,1451,https://www.strava.com/athletes/20010053
193,VINTHER Troels Rønning,1453,https://www.strava.com/athletes/2094318
194,ASSELMAN Jesper,1454,https://www.strava.com/pros/1637912
195,BOOM Lars,1455,http://www.strava.com/pros/408163
196,DE WITTE Mathias,1456,https://www.strava.com/athletes/1730402
197,TIMMERMANS Justin,1458,https://www.strava.com/athletes/792782
198,VAN GINNEKEN Sjoerd,1459,https://www.strava.com/athletes/977127
199,VAN SCHIP Jan-Willem,1460,https://www.strava.com/pros/2784358
200,VAN STAEYEN Michael,1461,https://www.strava.com/pros/2320894
201,DE PAUW Moreno,1462,https://www.strava.com/pros/3664016
202,VAN GOMPEL Mathias,1463,https://www.strava.com/pros/7510242
203,DANIEL Maxime,1465,https://www.strava.com/athletes/3134246
204,DOLEATTO Aurélien,1466,https://www.strava.com/athletes/3395425
205,FEILLU Brice,1467, https://www.strava.com/athletes/2114960
206,MAISON Jérémy,1468,https://www.strava.com/pros/4391154
207,MOINARD Amaël,1469,https://www.strava.com/athletes/2056845
208,WAGNER Robert,1470,https://www.strava.com/athletes/2489363
209,NAULEAU Bryan,1476,https://www.strava.com/pros/3915823
210,ORCEAU Clément,1477,https://www.strava.com/athletes/5609581
211,PICHOT Alexandre,1478,https://www.strava.com/pros/13863932
212,QUÉMÉNEUR Perrig,1479,https://www.strava.com/pros/416196
213,TULIK Angélo,1480,https://www.strava.com/athletes/1310071
214,BAGOT Yoann,1481,https://www.strava.com/pros/1450761
215,ERMENAULT Corentin,1482,https://www.strava.com/athletes/9816212
216,LAMMERTINK Steven,1484,https://www.strava.com/pros/12376839
217,MÜLLER Patrick,1485,https://www.strava.com/pros/395702
218,CALDEIRA Samuel José,1488,https://www.strava.com/athletes/1636000
219,CAMPOS Francisco,1489,https://www.strava.com/athletes/1837956
220,FONTE César,1493,https://www.strava.com/athletes/11441868
221,MAGALHÃES Jorge,1494,https://www.strava.com/athletes/4088123
222,MESTRE Daniel,1495,https://www.strava.com/athletes/26578113
223,MESTRE Ricardo,1496,https://www.strava.com/athletes/2054608
224,REIS Rafael,1498,https://www.strava.com/athletes/684219
225,RODRIGUES João,1499,https://www.strava.com/athletes/4236730
226,SILVA Joaquim,1501,https://www.strava.com/athletes/1568047
227,DEHAES Kenny,1503,https://www.strava.com/pros/2296316
228,DE CLERCQ Bart,1506,https://www.strava.com/pros/808429
229,TRONDSEN Trond,1508,https://www.strava.com/athletes/14966401
230,GRIVKO Andrey,1509,https://www.strava.com/athletes/18663033
231,TLEUBAYEV Ruslan,1512,https://www.strava.com/athletes/5213678
232,PELLIZOTTI Franco,1514,https://www.strava.com/athletes/4348932
233,KOLÁŘ Michael,1519,https://www.strava.com/pros/6600239
234,SCHINNAGEL Johannes,1521,https://www.strava.com/pros/10757845
235,RAIBAUD Jimmy,1522,https://www.strava.com/athletes/1870786
236,ROY Jérémy,1523,http://www.strava.com/athletes/1655561
237,DOUGALL Nic,1528,https://www.strava.com/athletes/4537138
238,MAIN Kent,1529,https://www.strava.com/athletes/224687
239,VAN ZYL Johann,1530,https://www.strava.com/athletes/280302
240,CANTY Brendan,1531,https://www.strava.com/pros/391026
241,MONK Cyrus,1532,https://www.strava.com/athletes/559112
242,MACHADO Tiago,1536,https://www.strava.com/pros/3368367
243,NIJSSEN Kenny,1537,https://www.strava.com/athletes/311892
244,TANKINK Bram,1540,https://www.strava.com/pros/3500097
245,DEIGNAN Philip,1541,https://www.strava.com/athletes/15530049
246,LÓPEZ David,1542,http://www.strava.com/pros/2971302
247,STAMSNIJDER Tom,1543,https://www.strava.com/athletes/2371824
248,DANIEL Gregory,1545,https://www.strava.com/pros/1785446
249,RAST Grégory,1547,https://www.strava.com/pros/2116733
250,NIEMIEC Przemysław,1550,https://www.strava.com/athletes/17063958
251,LIZDE Seid,1553,https://www.strava.com/athletes/7775962
252,GATE Aaron,1558,https://www.strava.com/athletes/450531
253,ANDREETTA Simone,1562,https://www.strava.com/pros/19446526
254,STERBINI Simone,1563,https://www.strava.com/pros/9517868
255,TORRES Pablo,1572,https://www.strava.com/pros/915323
256,CELANO Danilo,1574,https://www.strava.com/athletes/2474341
257,FERRARI Fabricio,1575,https://www.strava.com/athletes/3999972
258,YSSAAD Yannis,1577,https://www.strava.com/athletes/22699522
259,ZABALA Josu,1578,https://www.strava.com/pros/1921527
260,BROŻYNA Piotr,1579,https://www.strava.com/athletes/13313518
261,CIEŚLIK Paweł,1580,https://www.strava.com/athletes/42798561
262,FRANCZAK Paweł,1581,https://www.strava.com/athletes/15488861
263,KUMP Marko,1582,https://www.strava.com/pros/4215024
264,KUREK Adrian,1583,https://www.strava.com/athletes/2088813
265,SCHLEGEL Michal,1585,https://www.strava.com/athletes/4416414
266,STOSZ Patryk,1587,https://www.strava.com/athletes/15047461
267,BONNAFOND Guillaume,1589,https://www.strava.com/pros/116788
268,MIHAYLOV Nikolay,1595,https://www.strava.com/athletes/3986868
269,CHAVANEL Sylvain,1598,https://www.strava.com/athletes/53256525
270,BLEVINS Christopher,1609,https://www.strava.com/pros/403508
271,BRYON Miguel,1610,https://www.strava.com/athletes/7940320
272,BYBEE Evan,1611,https://www.strava.com/athletes/427834
273,DAHLHEIM Andrew,1613,https://www.strava.com/athletes/3637756
274,EISENHART Taylor,1614,https://www.strava.com/athletes/11061074
275,FLAKSIS Andžs,1615,https://www.strava.com/athletes/1087048
276,KOONTZ Grant,1616,https://www.strava.com/athletes/295871
277,KRASILNIKAU Andrei,1617,https://www.strava.com/pros/1097683
278,SCHMITT Morgan,1621,https://www.strava.com/pros/16380
279,CUNEGO Damiano,1626,https://www.strava.com/athletes/37969915
280,KOBAYASHI Marino,1627,https://www.strava.com/athletes/4981408
281,MARANGONI Alan,1628,https://www.strava.com/athletes/5579361
282,PONZI Simone,1630,https://www.strava.com/pros/2181237
283,TIZZA Marco,1632,https://www.strava.com/pros/1820252
284,UCHIMA Kohei,1633,https://www.strava.com/pros/7006555
285,ANTHONY Jesse,1634,https://www.strava.com/pros/153266
286,ARIESEN Tim,1638,https://www.strava.com/athletes/2085913
287,GERTS Floris,1640,https://www.strava.com/athletes/1288324
288,MEIJERS Jeroen,1641,https://www.strava.com/athletes/8477512
289,VERMELTFOORT Coen,1642,https://www.strava.com/athletes/7527720
290,FARAZIJN Maxime,1644,https://www.strava.com/athletes/1038655
291,FONSECA Armindo,1645,https://www.strava.com/pros/30683682
292,LAUK Karl Patrick,1647,https://www.strava.com/athletes/10994778
293,GIOUX Romain,1648,https://www.procyclingstats.com/rider/romain-gioux
294,VAN IJZENDOORN Rik,1651,https://www.strava.com/athletes/610985
295,WILLIAMS Christopher,1652,https://www.strava.com/pros/313453
296,ACEVEDO Janier,1653,https://www.strava.com/athletes/1358145
297,ALZATE Carlos,1654,https://www.strava.com/athletes/31331997
298,ȚVETCOV Serghei,1663,https://www.strava.com/pros/232212
299,BUGTER Luuc,1665,http://www.strava.com/athletes/2563504
300,D'HEYGERE Gil,1666,https://www.strava.com/athletes/2513474
301,GODRIE Stan,1667,https://www.strava.com/pros/1074765
302,GOOLAERTS Michael,1668,https://www.strava.com/athletes/1523575
303,SEYE Guillaume,1670,https://www.strava.com/athletes/6184446
304,VAN BREUSSEGEM Elias,1672,https://www.strava.com/athletes/3987328
305,ANTONINI Simone,1676,https://www.strava.com/pros/1116542
306,DE LAAT Jasper,1677,https://www.strava.com/athletes/5887858
307,GOEBEERT Pierre,1678,https://www.strava.com/athletes/18144800
308,MCNALLY Mark,1679,https://www.strava.com/pros/3368401
309,DELFOSSE Sébastien,1680,https://www.strava.com/athletes/2754284
310,DERUETTE Thomas,1681,https://www.strava.com/athletes/3240520
311,DUQUENNOY Jimmy,1682,https://www.strava.com/athletes/8845372
312,MASSON Christophe,1684,https://www.strava.com/pros/5858380
313,STASSEN Julien,1685,https://www.strava.com/pros/3491673
314,VANTOMME Maxime,1686,https://www.strava.com/athletes/1522883
315,WARNIER Antoine,1687,https://www.strava.com/pros/2012951
316,MONCASSIN Maxence,1690,https://www.strava.com/athletes/11944875
317,RINALDI Nicholas,1692,https://www.strava.com/athletes/2900824
318,ZHUPA Eugert,1694,https://www.strava.com/athletes/12512852
319,BÉRARD Julien,1695,https://www.strava.com/pros/117982
320,BRAJKOVIČ Janez,1700,https://www.strava.com/pros/109652
321,CINK Ondřej,1701,https://www.strava.com/pros/1803841
322,TONIATTI Andrea,1703,https://www.strava.com/athletes/6756575
323,ELMIGER Martin,1704,https://www.strava.com/pros/2613513
324,QUINZIATO Manuel,1705,https://www.strava.com/pros/2399239
325,PINEAU Cédric,1709,https://www.strava.com/pros/1627110
326,EYOB Metkel,1714,https://www.strava.com/athletes/40417857
327,LOSADA Alberto,1718,https://www.strava.com/athletes/16983403
328,CASTELIJNS Twan,1720,https://www.strava.com/pros/1993938
329,JANSSEN Adriaan,1721,https://www.strava.com/athletes/1447037
330,KEIZER Martijn,1722,https://www.strava.com/pros/4894864
331,VERMEULEN Alexey,1724,https://www.strava.com/pros/320095
332,ROHDE Leon,1725,https://www.strava.com/athletes/3597358
333,TIMMER Albert,1726,https://www.strava.com/pros/5977143
334,CONTADOR Alberto,1728,https://www.strava.com/athletes/24030059
335,TOOVEY Ayden,1730,https://www.strava.com/athletes/314706
336,HOWARD Leigh,1736,https://www.strava.com/athletes/9191302
337,NORDHAUG Lars Petter,1738,http://www.strava.com/pros/1988322
338,PAGE Dylan,1745,https://www.strava.com/athletes/1045373
339,PELEGRÍ Óscar,1746,https://www.strava.com/athletes/9782781
340,COUANON Jonathan,1754,https://www.strava.com/athletes/4586323
341,HUPOND Thierry,1757,https://www.strava.com/pros/2547704
342,HUREL Tony,1760,https://www.strava.com/pros/2283295
343,JEANDESBOZ Fabrice,1761,https://www.strava.com/pros/2026466
344,MOUREY Francis,1764,https://www.strava.com/athletes/2821089
345,OVECHKIN Artem,1768,https://www.strava.com/athletes/33946957
346,BERLATO Giacomo,1779,https://www.strava.com/athletes/7295755
347,DE NEGRI Pier Paolo,1780,https://www.strava.com/athletes/3098160
348,KOISHI Yuma,1781,https://www.strava.com/pros/5299946
349,MARINI Nicolas,1783,https://www.strava.com/athletes/2128406
350,KREDER Raymond,1785,https://www.strava.com/pros/6379583
351,LOOIJ André,1786,https://www.strava.com/pros/9980001
352,CHAMAN MOURO Lauro Cesar,1789,https://www.strava.com/athletes/4987279
353,GOHR Andre  Eduardo,1792,https://www.strava.com/athletes/2309246
354,NAZARET Magno,1795,https://www.strava.com/athletes/309628
355,SILVA Daniel,1801,https://www.strava.com/athletes/3308755
356,PREMONT Christophe,1816,https://www.strava.com/athletes/2919589
357,TEUGELS Lennert,1817,https://www.strava.com/athletes/667954
358,DHAENE Brecht,1819,https://www.strava.com/pros/7641477
359,STENUIT Robin,1823,https://www.strava.com/pros/1951649
360,DERNIES Tom,1825,https://www.strava.com/athletes/1629587
361,ANDRIATO Rafael,1827,https://www.strava.com/athletes/36875761
362,DRAPERI Matteo,1830,https://www.strava.com/athletes/9912333
363,DUCOURNAU Gilbert,1831,https://www.strava.com/athletes/902435
364,GAIMON Phillip,1851,https://www.strava.com/pros/6188
365,SKJERPING Kristoffer,1852,https://www.strava.com/pros/766773
366,ZEPUNTKE Ruben,1853,https://www.strava.com/pros/440592
367,MEERSMAN Gianni,1855,https://www.strava.com/pros/8264524
368,LECUISINIER Pierre-Henri,1858,https://www.strava.com/pros/1923830
369,AREGGER Marcel,1859,https://www.strava.com/pros/4125056
370,WYSS Marcel,1864,https://www.strava.com/athletes/2714266
371,FAIRLY Caleb,1874,https://www.strava.com/athletes/537869
372,JONES Carter,1877,https://www.strava.com/athletes/6206971
373,LUDVIGSSON Fredrik,1878,https://www.strava.com/pros/773089
374,VAN DER HAAR Lars,1879,https://www.strava.com/athletes/14728269
375,ZANDIO Xabier,1889,https://www.strava.com/athletes/1676655
376,CANCELLARA Fabian,1896,https://www.strava.com/pros/7296868
377,HUZARSKI Bartosz,1912,https://www.strava.com/athletes/20520175
378,MATZKA Ralf,1913,https://www.strava.com/athletes/7515465
379,KIENDYŚ Tomasz,1920,https://www.strava.com/athletes/13333359
380,GALTA Fredrik Strand,1930,https://www.strava.com/athletes/576797
381,MÉRIGNAT Sofiane,1932,https://www.strava.com/athletes/604426
382,VAUBOURZEIX Thomas,1933,https://www.strava.com/athletes/1462851
383,MENDONÇA Luís,1956,https://www.strava.com/athletes/7769569
384,KUSTADINCHEV Roman,1962,https://www.strava.com/athletes/1733667
385,COLLI Daniele,1965,https://www.strava.com/pros/1745119
386,YAMAMOTO Genki,1969,https://www.strava.com/athletes/9119613
387,MORTENSEN Martin,1982,https://www.strava.com/athletes/382890
388,OPIE Chris,1984,https://www.strava.com/pros/9055
389,ORAM James,1985,https://www.strava.com/pros/262593
390,HONIG Reinier,1990,https://www.strava.com/pros/340943
391,MARKUS Barry,1993,https://www.strava.com/pros/2373107
392,CIOLEK Gerald,1997,https://www.strava.com/athletes/433483
393,GULDHAMMER Rasmus,1999,https://www.strava.com/athletes/8845765
394,CREMERS Ruud,2009,https://www.strava.com/athletes/798804
395,DE MESMAEKER Kevin,2010,https://www.strava.com/athletes/7488511
396,BRÜNGGER Nico,2017,https://www.strava.com/pros/621446
397,KRIZEK Matthias,2022,https://www.strava.com/athletes/13506107
398,THALMANN Roland,2027,https://www.strava.com/athletes/5092295
399,STACHOWIAK Adam,2045,https://www.strava.com/athletes/13222081
400,ERRAZKIN Xuban,2053,https://www.strava.com/athletes/7828145
401,RAILEANU Cristian,2055,https://www.strava.com/athletes/13403525
402,NOCENTINI Rinaldo,2059,https://www.strava.com/athletes/7110417
403,LODEWYCK Klaas,2064,https://www.strava.com/athletes/2309155
404,VEIKKANEN Jussi,2067,https://www.strava.com/pros/1546243
405,PINEAU Jérôme,2068,https://www.strava.com/athletes/1760295
406,DANIELSON Tom,2075,https://www.strava.com/athletes/7173167
407,KING Edward,2076,https://www.strava.com/pros/8758
408,GOOS Marc,2082,http://www.strava.com/pros/1413161
409,BELTRÁN Edward,2086,https://www.strava.com/athletes/22367850
410,REKITA Szymon,2088,https://www.strava.com/athletes/20595081
411,PIECHELE Andrea,2104,https://www.strava.com/athletes/5654877
412,BOULO Matthieu,2107,https://strava.com/athletes/2164487
413,CHAINEL Steve,2117,https://strava.com/athletes/17896084
414,ROLLIN Dominique,2118,https://www.strava.com/pros/423495
415,VERHELST Louis,2120,https://www.strava.com/athletes/2307555
416,ZINGLE Romain,2121,https://www.strava.com/athletes/5259739
417,HUCKER Robbie,2126,https://www.strava.com/athletes/323139
418,STAUFF Andreas,2131,https://www.strava.com/athletes/335551
419,MALAGUTI Alessandro,2134,https://www.strava.com/athletes/2598610
420,ONESTI Emanuele,2135,https://www.strava.com/athletes/235735
421,TERPSTRA Mike,2137,https://www.strava.com/pros/791886
422,BALYKIN Ivan,2138,https://www.strava.com/athletes/7252224
423,DE GREEF Francis,2179,https://www.strava.com/athletes/4848800
424,EIJSSEN Yannick,2181,https://www.strava.com/athletes/277038
425,GHYSELINCK Jan,2182,strava.com/athletes/2593237
426,BALLAN Alessandro,2193,https://www.strava.com/pros/18888902
427,SCHURTER Nino,2210,https://www.strava.com/pros/663394
428,VOIGT Jens,2226,https://www.strava.com/athletes/7247329
429,LE MÉVEL Christophe,2254,http://www.strava.com/pros/4994417
430,IMHOF Claudio,2265,https://www.strava.com/athletes/1428169
431,ARANGO Juan Esteban,2287,https://www.strava.com/athletes/5547977
432,PINOTTI Marco,2314,https://www.strava.com/pros/183734
433,HOLLER Nikodemus,2371,https://www.strava.com/athletes/9802652
434,NARDELLI Stefano,2394,https://www.strava.com/athletes/1123590
435,MOYANO Enzo Josué,2417,https://www.strava.com/athletes/10491203
436,CAMACHO Julio Alexis,2479,https://www.strava.com/athletes/11675285
437,SUAREZ Juan Pablo,2485,https://www.strava.com/athletes/1344889
438,FLÜCKIGER Mathias,2522,https://www.strava.com/athletes/984825
439,BUTS Vitaliy,2530,https://www.strava.com/athletes/14629148
440,ANGARITA Marvin Orlando,2542,https://www.strava.com/athletes/3560917
441,MCEWEN Robbie,2548,https://www.strava.com/athletes/305721
442,DEL PINO Jesus,2616,https://www.strava.com/athletes/2226829
443,MONCOUTIÉ David,2630,https://www.strava.com/athletes/3712535
444,MONIER Damien,2631,https://www.strava.com/athletes/1673838
445,LAVERDE Luis Felipe,2638,https://www.strava.com/athletes/4501663
446,ANTOMARCHI Julien,2678,https://www.strava.com/athletes/4227154
447,ZAHNER Simon,2705,https://www.strava.com/athletes/1306705
448,PASAMONTES Luis,2719,https://www.strava.com/athletes/4937747
449,PUJOL Óscar,2725,https://www.strava.com/athletes/1885678
450,ARMSTRONG Lance,2735,https://www.strava.com/athletes/1712082
451,LLOYD Daniel,2743,https://www.strava.com/athletes/336288
452,CUESTA Iñigo,2766,https://www.strava.com/athletes/5304435
453,BRAMBILLA Giorgio,2787,https://www.strava.com/pros/1676111
454,SINKEWITZ Patrik,2795,https://www.strava.com/athletes/16151707
455,PORTAL Nicolas,2910,https://www.strava.com/athletes/1622199
456,CUCINOTTA Claudio,2974,https://www.strava.com/athletes/199627
457,VAN AMERONGEN Thijs,3152,https://strava.com/athletes/758154
0,ABERASTURI Jon,1,https://www.strava.com/pros/16275051
1,ABRAHAMSEN Jonas,2,https://www.strava.com/athletes/3249116
2,ACKERMANN Pascal,3,https://www.strava.com/pros/12274527
3,ADRIÀ Roger,4,https://www.strava.com/athletes/6390713
4,AFFINI Edoardo,5,https://www.strava.com/pros/37167909
5,AGIRRE Jon,6,https://www.strava.com/athletes/13087574
6,ALAPHILIPPE Julian,7,https://www.strava.com/athletes/45926891
7,ALBA Juan Diego,8,https://www.strava.com/athletes/38162237
8,ALBANESE Vincenzo,9,https://www.strava.com/pros/3488983
9,ALEOTTI Giovanni,10,https://www.strava.com/athletes/21536765
10,ALLEGAERT Piet,11,https://www.strava.com/pros/4111169
11,ALMEIDA João,12,https://www.strava.com/athletes/30236489
12,ALONSO Mikel,13,https://www.strava.com/athletes/4570840
13,AMADOR Andrey,14,https://www.strava.com/athletes/1593769
14,AMEZQUETA Julen,15,https://www.strava.com/pros/1790897
15,ANACONA Winner,16,https://www.strava.com/pros/12542977
16,ANDERSEN Idar,17,https://www.strava.com/athletes/10443289
17,ANDERSON Edward,18,https://www.strava.com/athletes/2346552
18,ANIOLKOWSKI Stanislaw,20,https://www.strava.com/athletes/27483509
19,APARICIO Mario,21,https://www.strava.com/athletes/7985316
20,ARAIZ Sergio,23,https://www.strava.com/athletes/3243807
21,ARANBURU Alex,24,https://www.strava.com/athletes/7094043
22,ARANBURU Jokin,25,https://www.strava.com/athletes/26726869
23,ARASHIRO Yukiya,26,https://www.strava.com/athletes/12337203
24,ARCAS Jorge,27,https://www.strava.com/pros/2276607
25,ARCHIBALD John,29,https://www.strava.com/pros/1058766
26,ARENSMAN Thymen,31,https://www.strava.com/athletes/1936233
27,ARMIRAIL Bruno,34,https://www.strava.com/pros/2192184
28,ARU Fabio,37,https://www.strava.com/pros/28635374
29,ASGREEN Kasper,38,https://www.strava.com/pros/36356974
30,AULAR Orluis,39,https://www.strava.com/athletes/17546094
31,ÁVILA Edwin,40,https://www.strava.com/athletes/6094073
32,AYUSO Juan,41,https://www.strava.com/athletes/10780095
33,AZURMENDI Ibai,43,https://www.strava.com/athletes/3060100
34,BACKAERT Frederik,44,https://www.strava.com/pros/23726463
35,BADILATTI Matteo,45,https://www.strava.com/athletes/4419459
36,BAGIOLI Andrea,46,https://www.strava.com/athletes/19593505
37,BAGIOLI Nicola,47,https://www.strava.com/athletes/2476243
38,BAGÜES Aritz,48,https://www.strava.com/pros/1126708
39,BAIS Davide,49,https://www.strava.com/athletes/2566327
40,BAIS Mattia,50,https://www.strava.com/athletes/2573969
41,BAKELANTS Jan,51,https://www.strava.com/pros/3943249
42,BALLARIN Iker,52,https://www.strava.com/athletes/12857719
43,BALLERINI Davide,53,https://www.strava.com/athletes/1930273
44,BARBIER Rudy,56,https://www.strava.com/athletes/7019829
45,BARCELÓ Fernando,57,https://www.strava.com/pros/3943346
46,BARDET Romain,58,http://www.strava.com/pros/1630132
47,BARGUIL Warren,59,https://www.strava.com/pros/722861
48,BARRENETXEA Jon,61,https://www.strava.com/pros/3028726
49,BARTA Will,62,https://www.strava.com/pros/831403
50,BARTHE Cyril,63,https://www.strava.com/pros/12856902
51,BARTOLOZZI Andrea,64,https://www.strava.com/athletes/26007448
52,BAŠKA Erik,65,https://www.strava.com/athletes/12028347
53,BASSETT Stephen,66,https://www.strava.com/pros/622396
54,BASSO Leonardo,67,https://www.strava.com/athletes/2959374
55,BATTAGLIN Enrico,68,https://www.strava.com/pros/3018523
56,BATTISTELLA Samuele,69,https://www.strava.com/athletes/16571022
57,BAUHAUS Phil,71,https://www.strava.com/pros/2217800
58,BAYER Tobias,72,https://www.strava.com/athletes/8409483
59,BEADLE Hamish,73,https://www.strava.com/athletes/2350641
60,BEAR Ido,74,https://www.strava.com/athletes/1323314
61,BEHRINGER Oliver,75,https://www.strava.com/athletes/1597609
62,BELLETTI Manuel,76,https://www.strava.com/pros/2508843
63,BELLICAUD Jeremy,77,https://www.strava.com/athletes/7652767
64,BEN MOSHE Yuval,78,https://www.strava.com/athletes/3409968
65,BENEDETTI Cesare,79,https://www.strava.com/athletes/1326031
66,BENNETT George,81,https://www.strava.com/pros/880187
67,BENNETT Sean,83,https://www.strava.com/athletes/326585
68,BENOIST Antoine,84,https://strava.com/athletes/8216019
69,BENOOT Tiesj,85,https://www.strava.com/pros/1128302
70,BEPPU Fumiyuki,86,https://www.strava.com/pros/6068080
71,BERHANE Natnael,87,https://www.strava.com/athletes/51821945
72,BERNAL Egan,88,https://www.strava.com/pros/2119306
73,BERNARD Julien,89,https://www.strava.com/pros/1903938
74,BERRADE Urko,90,https://www.strava.com/athletes/13308515
75,BERTAZZO Liam,91,https://www.strava.com/athletes/26759333
76,BERTHET Clément,92,https://www.strava.com/athletes/7186660
77,BETTIOL Alberto,94,https://www.strava.com/pros/16874183
78,BEULLENS Cédric,95,https://www.strava.com/pros/5250418
79,BEVILACQUA Mattia,96,https://www.strava.com/athletes/17891679
80,BEVILACQUA Simone,97,https://www.strava.com/athletes/40535852
81,BEWLEY Sam,99,https://www.strava.com/athletes/1435325
82,BIDARD François,100,https://www.strava.com/pros/2916501
83,BIERMANS Jenthe,101,https://www.strava.com/athletes/2305481
84,BISOLTI Alessandro,103,https://www.strava.com/athletes/25605566
85,BISSEGGER Stefan,104,https://www.strava.com/athletes/4671192
86,BIZKARRA Mikel,105,https://www.strava.com/athletes/3673069
87,BJERG Mikkel,106,https://www.strava.com/pros/9640608
88,BLIKRA Erlend,107,https://www.strava.com/athletes/4013766
89,BOARO Manuele,108,https://www.strava.com/athletes/2323390
90,BOEV Igor,111,https://www.strava.com/athletes/36495113
91,BOHLI Tom,112,https://www.strava.com/athletes/41905231
92,BOILEAU Alan,113,https://www.strava.com/athletes/17558246
93,BOIVIN Guillaume,114,https://www.strava.com/athletes/616061
94,BOL Cees,115,https://www.strava.com/athletes/1331421
95,BOL Jetse,116,https://www.strava.com/pros/588876
96,BONIFAZIO Leonardo,117,https://www.strava.com/athletes/9722733
97,BONIFAZIO Niccolò,118,https://www.strava.com/pros/1554175
98,BONNAMOUR Franck,119,https://www.strava.com/pros/4018952
99,BONNET William,120,https://www.strava.com/pros/6998219
100,BOOKWALTER Brent,121,https://www.strava.com/athletes/26475512
101,BOU Joan,122,https://www.strava.com/athletes/11168033
102,BOUCHARD Geoffrey,123,https://www.strava.com/pros/104028
103,BOUDAT Thomas,124,https://www.strava.com/pros/14201933
104,BOUET Maxime,125,https://www.strava.com/pros/7331365
105,BOUHANNI Nacer,126,https://www.strava.com/pros/48143759
106,BOUWMAN Koen,127,https://www.strava.com/pros/1993533
107,BRAND Sam,129,https://www.strava.com/pros/1170160
108,BRÄNDLE Matthias,130,https://www.strava.com/pros/266080
109,BRAVO Garikoitz,131,https://www.strava.com/athletes/26353981
110,BRITTON Rob,133,https://www.strava.com/pros/1084629
111,BROWN Connor,134,https://www.strava.com/athletes/20167511
112,BROWN Nathan,135,https://www.strava.com/pros/259470
113,BRUNEL Alexys,136,https://www.strava.com/athletes/8411551
114,BRUSSENSKIY Gleb,137,https://www.strava.com/athletes/28473885
115,BUCHMANN Emanuel,138,https://www.strava.com/pros/2685219
116,BUITRAGO Santiago,139,https://www.strava.com/athletes/7310716
117,BURGAUDEAU Mathieu,140,https://www.strava.com/athletes/12274525
118,BURGHARDT Marcus,141,https://www.strava.com/pros/1803986
119,BYSTRØM Sven Erik,143,https://www.strava.com/athletes/2542098
120,CABEDO Óscar,144,https://www.strava.com/athletes/5762377
121,CABOT Jérémy,145,https://www.strava.com/pros/1796710
122,CALLE Juan Fernando,147,https://www.strava.com/pros/48935268
123,CALMEJANE Lilian,148,https://www.strava.com/pros/1805247
124,CAM Maxime,149,https://www.strava.com/athletes/3966534
125,CAMPENAERTS Victor,151,https://www.strava.com/pros/620617
126,CANAL Carlos,152,https://www.strava.com/pros/10941882
127,CAÑAVERAL Johnatan,153,https://www.strava.com/athletes/8367340
128,CANOLA Marco,154,https://www.strava.com/athletes/13759019
129,CANTÓN Isaac,155,https://www.strava.com/pros/8619413
130,CAPECCHI Eros,156,https://strava.com/athletes/7664988
131,CAPIOT Amaury,157,https://www.strava.com/pros/2613903
132,CARAPAZ Richard,158,https://www.strava.com/athletes/15104335
133,CARBONI Giovanni,159,https://www.strava.com/athletes/20511815
134,CARISEY Clément,160,https://www.strava.com/athletes/1577875
135,CARPENTER Robin,161,https://www.strava.com/pros/188840
136,CARR Simon,162,https://www.strava.com/athletes/3611828
137,CARRETERO Héctor,163,https://www.strava.com/athletes/5667997
138,CARUSO Damiano,165,https://www.strava.com/pros/4084289
139,CARVALHO Andre,166,https://www.strava.com/athletes/2973929
140,CASTRILLO Jaime,167,https://www.strava.com/pros/3983729
141,CASTRIQUE Jonas,168,https://www.strava.com/athletes/2373068
142,CATAFORD Alexander,170,https://www.strava.com/athletes/3490359
143,CATTANEO Mattia,172,https://www.strava.com/athletes/10887608
144,CAVAGNA Rémi,173,https://www.strava.com/pros/2203430
145,CAVENDISH Mark,174,https://www.strava.com/athletes/305159
146,CERNÝ Josef,177,https://www.strava.com/pros/323461
147,CHAMPION Thomas,178,https://www.strava.com/athletes/12607976
148,CHAMPOUSSIN Clément,179,https://www.strava.com/athletes/3429256
149,CHARMIG Anthon,180,https://www.strava.com/athletes/4027056
150,CHAVES Esteban,181,https://www.strava.com/athletes/4119801
151,CHEREL Mikaël,182,https://www.strava.com/pros/2136208
152,CHERKASOV Nikolay,183,https://www.strava.com/athletes/20388790
153,CHEVALIER Maxime,185,https://www.strava.com/pros/31391746
154,CHIRICO Luca,186,https://www.strava.com/athletes/46449479
155,CICCONE Giulio,188,https://www.strava.com/pros/29028250
156,CIMA Imerio,190,https://www.strava.com/athletes/37932549
157,CIMOLAI Davide,191,https://www.strava.com/pros/20904837
158,CLAEYS Dimitri,192,https://www.strava.com/pros/4980290
159,CLANCY Stephen,193,https://www.strava.com/pros/127134
160,CLARKE Simon,194,https://strava.com/athletes/11460770
161,COLBRELLI Sonny,195,https://www.strava.com/athletes/2655853
162,COLLEONI Kevin,196,https://www.strava.com/athletes/3800500
163,COLMAN Alex,197,https://www.strava.com/pros/7604023
164,COMBAUD Romain,198,https://www.strava.com/athletes/5276222
165,CONCA Filippo,199,https://www.strava.com/athletes/10925190
166,CONCI Nicola,200,https://www.strava.com/athletes/29535743
167,CONSONNI Simone,201,https://www.strava.com/athletes/2824377
168,CONTI Valerio,202,https://www.strava.com/athletes/87168114
169,CONTRERAS Rodrigo,203,https://www.strava.com/athletes/50371768
170,COQUARD Bryan,204,https://www.strava.com/athletes/7633523
171,CORTJENS Ryan,206,https://strava.com/athletes/11328609
172,COSTA Rui,208,https://www.strava.com/athletes/63456809
173,COTÉ Pier-André,209,https://www.strava.com/athletes/1849243
174,COUSIN Jérôme,210,https://www.strava.com/pros/1789488
175,COVI Alessandro,211,https://www.strava.com/athletes/9286245
176,COVILI Luca,212,https://www.strava.com/athletes/9776534
177,CRADDOCK Lawson,213,https://www.strava.com/pros/259263
178,CRAS Steff,214,https://www.strava.com/pros/2195719
179,CUADROS Álvaro,216,https://www.strava.com/pros/3988420
180,CULLAIGH Gabriel,217,https://www.strava.com/pros/602548
181,DAINESE Alberto,218,https://www.strava.com/pros/15121707
182,DAL-CIN Matteo,219,https://www.strava.com/pros/909835
183,DALLA VALLE Nicolas,220,https://www.strava.com/athletes/18885585
184,DAUGE Lucas,221,https://www.strava.com/athletes/8597943
185,DAVIES Scott,222,https://www.strava.com/pros/568077
186,DAVY Clément,223,https://www.strava.com/pros/8843498
187,DE BACKER Bert,224,https://www.strava.com/pros/3283509
188,DE BIE Sean,225,https://www.strava.com/pros/666711
189,DE BOD Stefan,226,https://www.strava.com/athletes/3103884
190,DE BONDT Dries,227,https://www.strava.com/athletes/1508855
191,DE BONIS Matteo,228,https://www.strava.com/athletes/6392625
192,DE BUYST Jasper,229,https://www.strava.com/athletes/84189953
193,DE GENDT Aimé,230,https://www.strava.com/pros/5052874
194,DE GENDT Thomas,231,https://www.strava.com/pros/1855274
195,DE KEIJZER Gerd,232,https://www.strava.com/athletes/1450487
196,DE KETELE Kenny,233,https://www.strava.com/pros/1644858
197,DE KLEIJN Arvid,234,https://www.strava.com/pros/45180733
198,DE KORT Koen,235,https://www.strava.com/pros/2327652
199,DE LA CRUZ David,236,https://www.strava.com/pros/2014488
200,DE MARCHI Alessandro,238,https://www.strava.com/pros/9545283
201,DE PESTEL Sander,239,https://www.strava.com/pros/5501879
202,DE PLUS Jasper,240,https://www.strava.com/pros/8064750
203,DE PLUS Laurens,241,https://www.strava.com/pros/4049155
204,DE ROSSI Lucas,242,https://www.strava.com/pros/1316021
205,DE TIER Floris,243,https://www.strava.com/pros/1129713
206,DE VOS Adam,244,https://www.strava.com/pros/402858
207,DE VREESE Laurens,245,https://www.strava.com/pros/538528
208,DE VYLDER Lindsay,246,https://www.strava.com/pros/19308295
209,DE WILDE Gilles,247,https://www.strava.com/athletes/6316317
210,DE WINTER Ludwig,248,https://www.strava.com/pros/1763504
211,DEBESAY Yakob,249,https://www.strava.com/athletes/50938833
212,DEBUSSCHERE Jens,250,https://www.strava.com/athletes/7556127
213,DECLERCQ Benjamin,251,https://www.strava.com/pros/1023781
214,DECLERCQ Tim,252,https://www.strava.com/pros/1154552
215,DEGENKOLB John,253,https://www.strava.com/pros/6137589
216,DEKKER David,254,https://www.strava.com/athletes/1439295
217,DELACROIX Theo,255,https://www.strava.com/athletes/3602288
218,DELAGE Mickaël,256,https://www.strava.com/pros/2004239
219,DELAPLACE Anthony,257,https://www.strava.com/pros/12853663
220,DELETTRE Alexandre,258,https://www.strava.com/athletes/9367126
221,DÉMARE Arnaud,259,https://www.strava.com/pros/1737657
222,DENNIS Rohan,260,https://www.strava.com/athletes/3398184
223,DENZ Nico,261,https://www.strava.com/pros/3423315
224,DEVENYNS Dries,262,https://www.strava.com/pros/3949717
225,DEVRIENDT Tom,263,https://www.strava.com/pros/7830934
226,DEWULF Stan,264,https://www.strava.com/athletes/3470393
227,DI RENZO Andrea,265,http://www.strava.com/athletes/9399506
228,DÍAZ José Manuel,266,https://www.strava.com/athletes/3407398
229,DILLIER Silvan,267,https://www.strava.com/pros/12427912
230,DINA Márton,268,https://www.strava.com/pros/3310687
231,DLAMINI Nic,269,https://www.strava.com/athletes/44778602
232,DOCKER Mitchell,270,https://www.strava.com/pros/33496976
233,DOMBROWSKI Joe,271,https://www.strava.com/pros/276702
234,DONOVAN Mark,272,https://www.strava.com/pros/1284150
235,DOUBEY Fabien,273,https://www.strava.com/pros/8819545
236,DOULL Owain,274,https://www.strava.com/athletes/280368
237,DOWSETT Alex,275,https://www.strava.com/pros/505408
238,DUCHESNE Antoine,277,https://www.strava.com/pros/1786916
239,DUNBAR Eddie,279,https://www.strava.com/athletes/45057245
240,DUPONT Timothy,280,https://www.strava.com/pros/1709131
241,DURBRIDGE Luke,281,https://www.strava.com/athletes/1698342
242,DUVAL Julien,282,https://www.strava.com/pros/2191893
243,EARLE Nathan,283,https://www.strava.com/pros/1005431
244,EDET Nicolas,284,https://www.strava.com/pros/1621202
245,EEKHOFF Nils,286,https://www.strava.com/pros/3745308
246,EENKHOORN Pascal,287,https://www.strava.com/pros/1563189
247,EG Niklas,288,https://www.strava.com/athletes/8516384
248,EGHOLM Jakob,289,https://www.strava.com/athletes/9680598
249,EIKING Odd Christian,290,https://www.strava.com/pros/601836
250,EINHORN Itamar,291,https://www.strava.com/athletes/5096617
251,EL FARES Julien,293,https://www.strava.com/pros/1710748
252,ELISSONDE Kenny,294,http://www.strava.com/pros/1387645
253,ELOSEGUI Iñigo,295,https://www.strava.com/athletes/2957127
254,ETXEBERRIA Josu,297,https://www.strava.com/pros/13443879
255,EVANS Alexander,298,https://www.strava.com/athletes/4663085
256,EVENEPOEL Remco,299,https://www.strava.com/athletes/23069503
257,EZQUERRA Jesús,301,https://www.strava.com/athletes/4743603
258,FANCELLU Alessandro,303,https://www.strava.com/athletes/14866568
259,FELLINE Fabio,306,https://www.strava.com/athletes/15726977
260,FERASSE Thibault,308,https://www.strava.com/athletes/4120892
261,FERNÁNDEZ Delio,309,https://www.strava.com/pros/4106785
262,FERNÁNDEZ Rubén,310,https://www.strava.com/athletes/12607976
263,FERRON Valentin,311,https://www.strava.com/athletes/549277
264,FETTER Erik,312,https://www.strava.com/athletes/3909207
265,FINÉ Eddy,313,https://www.strava.com/athletes/2905568
266,FINETTO Mauro,314,https://www.strava.com/athletes/19549406
267,FIORELLI Filippo,315,https://www.strava.com/athletes/7178190
268,FLÓREZ Miguel Eduardo,316,https://www.strava.com/athletes/29568372
269,FORMOLO Davide,317,https://www.strava.com/pros/1850959
270,FORTUNATO Lorenzo,318,https://www.strava.com/athletes/3125765
271,FOSS Tobias,319,https://www.strava.com/pros/2885876
272,FRAILE Omar,320,https://www.strava.com/pros/2962663
273,FRANKINY Kilian,322,https://www.strava.com/pros/1400765
274,FRAPPORTI Marco,323,https://www.strava.com/pros/1841156
275,FRAPPORTI Mattia,324,https://www.strava.com/athletes/1783701
276,FRISON Frederik,325,https://www.strava.com/athletes/28107247
277,FROOME Chris,326,https://www.strava.com/pros/7491815
278,GABBURO Davide,329,https://www.strava.com/athletes/4969603
279,GAILLARD Marlon,330,https://www.strava.com/athletes/8630477
280,GALL Felix,331,https://www.strava.com/athletes/5060232
281,GAMPER Patrick,334,https://www.strava.com/athletes/31011940
282,GANNA Filippo,335,https://www.strava.com/pros/3574069
283,GARCÍA PIERNA Carlos,336,https://www.strava.com/athletes/6231596
284,GARCÍA CORTINA Iván,337,https://www.strava.com/pros/1292406
285,GARCÍA Jhojan,339,https://www.strava.com/athletes/6976598
286,GARCÍA PIERNA Raúl,340,https://www.strava.com/athletes/13042964
287,GAROSIO Andrea,341,https://www.strava.com/athletes/58403706
288,GARRISON Ian,342,https://www.strava.com/athletes/2436476
289,GASTAUER Ben,343,https://www.strava.com/athletes/28183022
290,GAUDIN Damien,344,https://www.strava.com/athletes/24953823
291,GAUDU David,345,https://www.strava.com/pros/4774417
292,GAUTIER Cyril,346,https://www.strava.com/athletes/16442305
293,GAVAZZI Francesco,347,https://www.strava.com/athletes/21712783
294,GAVIRIA Fernando,348,https://www.strava.com/pros/24644516
295,GAZE Samuel,349,https://www.strava.com/athletes/14396227
296,GENIETS Kevin,351,https://www.strava.com/athletes/13787818
297,GENIEZ Alexandre,352,https://www.strava.com/pros/1657853
298,GEOGHEGAN HART Tao,353,https://www.strava.com/pros/3264865
299,GESBERT Élie,354,https://www.strava.com/athletes/2321729
300,GESCHKE Simon,355,https://www.strava.com/pros/13872795
301,GESINK Robert,356,http://www.strava.com/pros/1216273
302,GHEBREIGZABHIER Amanuel,357,https://www.strava.com/athletes/63330472
303,GHYS Robbe,359,https://www.strava.com/athletes/7061008
304,GIBBONS Ryan,360,https://www.strava.com/athletes/12772912
305,GIDICH Yevgeniy,361,https://www.strava.com/athletes/10361292
306,GILBERT Philippe,362,https://www.strava.com/athletes/3875398
307,GODON Dorian,363,https://www.strava.com/pros/1809256
308,GOGL Michael,364,https://www.strava.com/pros/28106196
309,GOIKOETXEA Peio,365,https://www.strava.com/athletes/1900044
310,GOLDSTEIN Omer,367,https://www.strava.com/athletes/36281396
311,GONÇALVES José,368,https://www.strava.com/athletes/7793378
312,GONZÁLEZ Abner,369,https://www.strava.com/athletes/37701893
313,GONZÁLEZ David,370,https://www.strava.com/athletes/13720238
314,GOOSSENS Kobe,372,https://www.strava.com/athletes/4411135
315,GOUGEARD Alexis,373,https://www.strava.com/athletes/9479785
316,GRADEK Kamil,374,https://www.strava.com/athletes/2450702
317,GRÁVALOS Arturo,375,https://www.strava.com/athletes/20560432
318,GREGAARD Jonas,376,https://www.strava.com/athletes/4056360
319,GREIPEL André,377,https://www.strava.com/pros/384548
320,GRELLIER Fabien,378,https://www.strava.com/athletes/7307546
321,GRIGNARD Sébastien,379,https://www.strava.com/athletes/12429233
322,GRMAY Tsgabu,380,https://www.strava.com/athletes/15806002
323,GROENEWEGEN Dylan,381,https://www.strava.com/pros/4352993
324,GRONDIN Donavan,382,https://www.strava.com/athletes/12308000
325,GROßSCHARTNER Felix,383,https://www.strava.com/pros/10573633
326,GROSU Eduard-Michael,384,https://www.strava.com/pros/1915664
327,GROVES Kaden,385,https://www.strava.com/athletes/6728810
328,GUERNALEC Thibault,388,https://www.strava.com/pros/1751647
329,GUERREIRO Ruben,389,https://www.strava.com/pros/2289445
330,GUGLIELMI Simon,390,https://www.strava.com/pros/5543279
331,HAAS Nathan,391,https://www.strava.com/pros/12924172
332,HAGA Chad,392,https://www.strava.com/pros/269660
333,HAGEN Carl Fredrik,393,https://www.strava.com/pros/134614
334,HAIG Jack,394,https://www.strava.com/pros/283726
335,HALLER Marco,396,https://www.strava.com/pros/14762808
336,HALVORSEN Kristoffer,397,https://www.strava.com/athletes/2689594
337,HAMILTON Chris,398,https://www.strava.com/pros/2754904
338,HAMILTON Lucas,399,https://www.strava.com/athletes/10190628
339,HÄNNINEN Jaakko,400,https://www.strava.com/pros/4048714
340,HANSEN Lasse Norman,401,https://www.strava.com/pros/1187926
341,HARDY Romain,402,https://www.strava.com/pros/1760211
342,HAUSSLER Heinrich,404,https://www.strava.com/athletes/6323010
343,HAYTER Ethan,405,https://www.strava.com/pros/601041
344,HENAO Sebastián,406,https://www.strava.com/pros/11152709
345,HENDRIKX Mees,408,https://www.strava.com/athletes/4688695
346,HENTTALA Joonas,409,https://www.strava.com/athletes/1942112
347,HERMANS Ben,411,https://www.strava.com/athletes/593390
348,HERMANS Quinten,412,https://www.strava.com/athletes/9162783
349,HERRADA Jesús,413,https://www.strava.com/pros/2592729
350,HERRADA José,414,https://www.strava.com/athletes/12250373
351,HERREGODTS Rune,415,https://www.strava.com/athletes/12429750
352,HIGUITA Sergio,416,https://www.strava.com/athletes/35804776
353,HINDLEY Jai,417,https://www.strava.com/pros/1760759
354,HINDSGAUL MADSEN Jacob,418,https://www.strava.com/athletes/17888092
355,HIRSCHI Marc,419,https://www.strava.com/pros/4475615
356,HIRT Jan,420,https://www.strava.com/athletes/591813
357,HODEG Álvaro José,422,https://www.strava.com/athletes/9311914
358,HOELGAARD Daniel,423,https://www.strava.com/athletes/12249974
359,HOELGAARD Markus,424,https://www.strava.com/athletes/4047775
360,HOFLAND Moreno,425,http://www.strava.com/pros/806678
361,HOFSTEDE Lennard,426,https://www.strava.com/pros/8843343
362,HOFSTETTER Hugo,427,https://www.strava.com/athletes/10847439
363,HOLLENSTEIN Reto,428,https://www.strava.com/pros/19150197
364,HOLLMANN Juri,429,https://www.strava.com/athletes/26853748
365,HOLMES Matthew,430,https://www.strava.com/pros/306330
366,HONORÉ Mikkel Frølich,431,https://www.strava.com/athletes/270912
367,HOULE Hugo,432,https://www.strava.com/pros/288769
368,HOWES Alex,433,https://www.strava.com/pros/11673347
369,HOWSON Damien,434,https://www.strava.com/athletes/5943160
370,HULGAARD Morten,435,https://www.strava.com/athletes/44576934
371,HUYS Laurens,436,https://www.strava.com/pros/3418802
372,HVIDEBERG Jonas Iversby,437,https://www.strava.com/athletes/3625441
373,IACCHI Alessandro,438,https://www.strava.com/athletes/4672076
374,IBARGUREN Oier,439,https://www.strava.com/athletes/2969663
375,IMPEY Daryl,440,https://www.strava.com/pros/1714205
376,INKELAAR Kevin,441,https://www.strava.com/athletes/9678215
377,IRISARRI Jon,442,https://www.strava.com/pros/4000084
378,IRIZAR Julen,443,https://www.strava.com/athletes/3849758
379,IRVINE Declan,444,https://www.strava.com/athletes/12662062
380,ITURRIA Mikel,446,https://www.strava.com/athletes/1398975
381,JACOBS Johan,449,https://www.strava.com/pros/461374
382,JAIME Álex,450,https://www.strava.com/athletes/14180030
383,JANSE VAN RENSBURG Reinardt,452,https://www.strava.com/pros/3952107
384,JANSEN Amund Grøndahl,453,https://www.strava.com/athletes/4203551
385,JANSSENS Jimmy,454,https://www.strava.com/athletes/1644299
386,JAUREGUI Quentin,455,https://www.strava.com/pros/4334886
387,JENSEN August,456,https://www.strava.com/athletes/18311935
388,JERMAN Žiga,457,https://www.strava.com/athletes/3393516
389,JOHANSEN Julius,458,https://www.strava.com/athletes/6410711
390,JONES Taj,459,https://www.strava.com/athletes/11516170
391,JORGENSON Matteo,460,https://www.strava.com/athletes/557974
392,JOYCE Colin,461,https://www.strava.com/athletes/3418221
393,JUARISTI Txomin,462,https://www.strava.com/athletes/1389461
394,JULLIEN Anthony,464,https://www.strava.com/pros/2987896
395,JUNGELS Bob,465,https://www.strava.com/pros/49597893
396,KÄMNA Lennard,467,https://www.strava.com/pros/27117126
397,KAMP Alexander,468,https://www.strava.com/athletes/14899637
398,KAMSTRA Brian,469,https://www.strava.com/pros/6033817
399,KANGERT Tanel,470,https://www.strava.com/athletes/51228779
400,KEISSE Iljo,472,https://www.strava.com/pros/2835838
401,KELDERMAN Wilco,473,https://www.strava.com/pros/479385
402,KEUKELEIRE Jens,474,https://www.strava.com/pros/8075081
403,KING Ben,475,http://www.strava.com/athletes/50757
404,KIRSCH Alex,476,https://www.strava.com/pros/2590526
405,KLUGE Roger,478,https://www.strava.com/pros/22377272
406,KNOX James,479,https://strava.com/athletes/2260636
407,KOCH Jonas,480,https://www.strava.com/pros/4067146
408,KOCHETKOV Pavel,481,https://www.strava.com/athletes/79025475
409,KONOVALOVAS Ignatas,482,https://www.strava.com/athletes/3481562
410,KONRAD Patrick,483,https://www.strava.com/pros/4571461
411,KONYCHEV Alexander,484,https://www.strava.com/athletes/26816676
412,KRAGH ANDERSEN Søren,487,https://www.strava.com/athletes/27682210
413,KREDER Wesley,488,https://www.strava.com/pros/18606095
414,KRISTOFF Alexander,491,https://www.strava.com/athletes/9232885
415,KRON Andreas,492,https://www.strava.com/athletes/8783869
416,KRUIJSWIJK Steven,493,https://www.strava.com/pros/3056059
417,KUDUS Merhawi,494,https://www.strava.com/athletes/50750582
418,KULSET Kristian,495,https://www.strava.com/athletes/1783594
419,KULSET Sindre,496,https://www.strava.com/athletes/13690807
420,KÜNG Stefan,497,https://www.strava.com/pros/133606
421,KUSS Sepp,498,https://www.strava.com/athletes/254096
422,KUSZTOR Péter,499,https://www.strava.com/athletes/6136669
423,KUZMIN Anton,500,https://www.strava.com/athletes/16044924
424,KUZNETSOV Viacheslav,501,https://www.strava.com/athletes/17253258
425,KWIATKOWSKI Michal,502,https://www.strava.com/pros/1905161
426,LAAS Martin,503,https://www.strava.com/pros/2111315
427,LADAGNOUS Matthieu,504,https://www.strava.com/athletes/7348371
428,LAFAY Victor,506,https://www.strava.com/athletes/3311860
429,LAMMERTINK Maurits,507,https://www.strava.com/athletes/11477652
430,LAMPAERT Yves,508,https://www.strava.com/pros/2916067
431,LANDA Mikel,509,https://www.strava.com/athletes/17967199
432,LAPORTE Christophe,511,https://www.strava.com/pros/3834960
433,LARSEN Niklas,512,https://www.strava.com/athletes/11006058
434,LASTRA Jonathan,513,https://www.strava.com/athletes/8089198
435,LATOUR Pierre,514,https://www.strava.com/pros/7347052
436,LAWLESS Chris,515,https://www.strava.com/athletes/295073
437,LAZKANO Oier,516,https://www.strava.com/athletes/9567228
438,LE GAC Olivier,517,https://www.strava.com/pros/1836077
439,LE TURNIER Mathias,518,https://www.strava.com/pros/3175306
440,LECROQ Jérémy,519,https://www.strava.com/athletes/1711984
441,LEDANOIS Kévin,520,https://www.strava.com/pros/16365616
442,LEEMREIZE Gijs,521,https://www.strava.com/pros/7968141
443,LEKNESSUND Andreas,522,https://www.strava.com/athletes/5474979
444,LEMOINE Cyril,523,https://www.strava.com/pros/1880115
445,LEYSEN Senne,524,https://www.strava.com/athletes/2922866
446,LIENHARD Fabian,525,https://www.strava.com/athletes/19161146
447,LIEPINŠ Emils,526,https://www.strava.com/pros/10163092
448,LIETAER Eliot,527,https://www.strava.com/athletes/1631175
449,LINDEMAN Bert-Jan,528,https://www.strava.com/pros/7038403
450,LIVYNS Arjen,529,https://www.strava.com/pros/1614461
451,LONARDI Giovanni,531,https://www.strava.com/athletes/7806936
452,LÓPEZ Juan Pedro,534,https://www.strava.com/athletes/3098895
453,LÓPEZ-CÓZAR Juan Antonio,536,https://www.strava.com/athletes/7097988
454,LOUVEL Matis,537,https://www.strava.com/pros/6860614
455,LOWNDES Jason,538,https://www.strava.com/athletes/2009928
456,LOZANO David,539,https://www.strava.com/athletes/101212
457,LUDVIGSSON Tobias,540,https://www.strava.com/pros/2420222
458,LUTSENKO Alexey,541,https://www.strava.com/athletes/19220743
459,MADAN Ahmed,542,https://www.strava.com/athletes/22710584
460,MÄDER Gino,543,https://www.strava.com/athletes/19914823
461,MADOUAS Valentin,544,https://www.strava.com/pros/2404608
462,MADRAZO Ángel,545,https://www.strava.com/pros/1870992
463,MAESTRI Mirco,546,https://www.strava.com/pros/23666757
464,MAITRE Florian,547,https://www.strava.com/athletes/1704148
465,MAJKA Rafal,548,https://www.strava.com/athletes/36155578
466,MALECKI Kamil,549,https://www.strava.com/athletes/63711651
467,MALUCELLI Matteo,550,https://www.strava.com/athletes/1732923
468,MANNION Gavin,551,https://www.strava.com/athletes/277422
469,MANZIN Lorrenzo,552,https://www.strava.com/athletes/7172433
470,MARCATO Marco,553,https://www.strava.com/pros/6898466
471,MARCHIORI Leonardo,554,https://www.strava.com/athletes/13456889
472,MARCZYNSKI Tomasz,555,https://www.strava.com/pros/12876219
473,MARECZKO Jakub,556,https://www.strava.com/athletes/4929761
474,MARENGO Umberto,557,https://www.strava.com/athletes/2652993
475,MARIT Arne,558,https://www.strava.com/pros/37379741
476,MÄRKL Niklas,559,https://www.strava.com/athletes/15508012
477,MARQUEZ Marti,560,https://www.strava.com/pros/1484637
478,MARTENS Paul,561,https://www.strava.com/pros/1675856
479,MARTÍN Gotzon,563,https://www.strava.com/athletes/13233761
480,MARTIN Guillaume,564,https://www.strava.com/pros/2992543
481,MARTÍN Sergio Roman,565,https://www.strava.com/athletes/3209994
482,MARTIN Tony,566,https://www.strava.com/athletes/41036001
483,MAS Lluís,570,https://www.strava.com/pros/1592337
484,MASNADA Fausto,571,https://www.strava.com/athletes/12312263
485,MATÉ Luis Ángel,572,https://www.strava.com/pros/2730001
486,MATTHEWS Michael,573,https://www.strava.com/pros/2468821
487,MAZZUCCO Fabio,574,https://www.strava.com/athletes/23212100
488,MCCABE Travis,575,https://www.strava.com/athletes/367688
489,MCLAY Daniel,576,https://www.strava.com/athletes/34780520
490,MCNULTY Brandon,577,https://www.strava.com/athletes/1126469
491,MEEUS Jordi,578,https://www.strava.com/pros/6750347
492,MEINTJES Louis,579,https://www.strava.com/athletes/18340568
493,MEISEN Marcel,580,https://strava.com/athletes/1053827
494,MENTEN Milan,582,https://www.strava.com/pros/2219780
495,MERLIER Tim,583,https://www.strava.com/pros/5727288
496,MERTENS Julian,584,https://www.strava.com/pros/3983163
497,MERTZ Rémy,585,https://www.strava.com/pros/2604562
498,MEURISSE Xandro,586,https://www.strava.com/pros/10545603
499,MEZGEC Luka,588,https://www.strava.com/pros/3613487
500,MILAN Jonathan,589,https://www.strava.com/athletes/39026315
501,MINALI Riccardo,590,https://www.strava.com/athletes/15718993
502,MIRZA Yousif,591,https://www.strava.com/athletes/14227221
503,MODOLO Sacha,592,https://www.strava.com/pros/27129740
504,MOHORIC Matej,593,https://www.strava.com/pros/4040441
505,MOLANO Juan Sebastián,594,https://www.strava.com/athletes/9836996
506,MOLARD Rudy,595,https://www.strava.com/pros/1759446
507,MOLENAAR Alex,596,https://www.strava.com/pros/21183491
508,MOLLEMA Bauke,597,https://www.strava.com/athletes/63336895
509,MOLLY Kenny,598,https://www.strava.com/pros/7285895
510,MONACO Alessandro,599,https://www.strava.com/athletes/26981365
511,MONIQUET Sylvain,600,https://www.strava.com/athletes/10888294
512,MORENO Ivan,602,https://www.strava.com/athletes/5366934
513,MORICE Julien,603,https://www.strava.com/pros/5106272
514,MORIN Emmanuel,604,https://www.strava.com/athletes/9180611
515,MØRKØV Michael,605,https://www.strava.com/pros/9695585
516,MORTON Lachlan,606,https://www.strava.com/pros/3813861
517,MOSCA Jacopo,607,https://www.strava.com/athletes/63401004
518,MOSCHETTI Matteo,608,https://www.strava.com/athletes/18788312
519,MOSCON Gianni,609,https://www.strava.com/athletes/3100044
520,MOZZATO Luca,610,https://www.strava.com/athletes/3404110
521,MULLEN Ryan,612,https://www.strava.com/pros/307079
522,MUNDAY Samuel,614,https://www.strava.com/athletes/407914
523,MURGUIALDAY Jokin,617,https://www.strava.com/pros/22327987
524,MURPHY Kyle,618,https://www.strava.com/athletes/5895116
525,NAESEN Lawrence,619,https://www.strava.com/pros/439826
526,NAESEN Oliver,620,https://www.strava.com/pros/440227
527,NAKANE Hideto,621,https://www.strava.com/athletes/21235737
528,NATAROV Yuriy,623,https://strava.com/athletes/14368061
529,NEILANDS Krists,624,https://www.strava.com/pros/12243285
530,NEKRASOV Denis,625,https://www.strava.com/athletes/25206273
531,NIBALI Antonio,626,https://www.strava.com/pros/1785181
532,NIBALI Vincenzo,627,https://www.strava.com/pros/8842341
533,NICOLAU Joel,628,https://www.strava.com/pros/7540381
534,NIEUWENHUIS Joris,629,https://www.strava.com/athletes/2935665
535,NIV Guy,631,https://www.strava.com/athletes/4748635
536,NOPPE Christophe,633,https://www.strava.com/pros/1964619
537,NORSGAARD Mathias,634,https://www.strava.com/pros/3983783
538,NOVAK Domen,635,https://www.strava.com/athletes/667297
539,NOVIKOV Savva,636,https://www.strava.com/athletes/15131615
540,NYCH Artem,637,https://www.strava.com/athletes/27139866
541,O'CONNOR Ben,638,https://www.strava.com/athletes/4097457
542,OKA Atsushi,639,https://www.strava.com/athletes/39724316
543,OKAMIKA Ander,640,https://www.strava.com/athletes/1679088
544,OLDANI Stefano,641,https://www.strava.com/athletes/20031685
545,OLIVEIRA Ivo,642,https://www.strava.com/athletes/3520134
546,OLIVEIRA Nelson,643,https://www.strava.com/pros/1366105
547,OLIVEIRA Rui,644,https://www.strava.com/athletes/6274194
548,OOMEN Sam,645,https://www.strava.com/athletes/4258317
549,ORONTE Emerson,646,https://www.strava.com/pros/664724
550,ORRICO Davide,647,https://www.strava.com/athletes/1220401
551,ORTS Felipe,648,https://strava.com/athletes/15684915
552,OSORIO Alejandro,649,https://www.strava.com/athletes/14566526
553,OSORIO Juan Felipe,650,https://www.strava.com/athletes/33069913
554,OSS Daniel,651,https://www.strava.com/pros/690926
555,OURSELIN Paul,652,https://www.strava.com/pros/1679361
556,OWEN Logan,653,https://www.strava.com/pros/439230
557,OWSIAN Lukasz,654,https://www.strava.com/athletes/20332275
558,PAASSCHENS Mathijs,655,https://www.strava.com/athletes/2543430
559,PACHER Quentin,656,https://www.strava.com/pros/1401877
560,PAJUR Markus,659,https://www.strava.com/athletes/8490080
561,PALZER Anton,660,https://www.strava.com/pros/30466500
562,PAQUOT Tom,661,https://www.strava.com/pros/6324145
563,PARET-PEINTRE Aurélien,662,https://www.strava.com/pros/1821678
564,PARRA José Félix,663,https://www.strava.com/athletes/8552819
565,PASQUALON Andrea,664,https://www.strava.com/athletes/28803734
566,PEÁK Barnabás,665,https://www.strava.com/pros/7650668
567,PEDERSEN Casper,667,https://www.strava.com/athletes/17999372
568,PEDERSEN Mads,668,https://www.strava.com/athletes/30350488
569,PELIKÁN János,670,https://www.strava.com/athletes/2947056
570,PELLAUD Simon,671,https://www.strava.com/pros/1783166
571,PEÑALVER Manuel,673,https://www.strava.com/pros/18233538
572,PEREZ Anthony,674,https://www.strava.com/athletes/1678917
573,PÉRICHON Pierre-Luc,675,https://www.strava.com/pros/12388271
574,PERNSTEINER Hermann,676,https://www.strava.com/athletes/6244806
575,PERON Andrea,677,https://www.strava.com/athletes/15424319
576,PERRY Benjamin,678,https://www.strava.com/athletes/812782
577,PETELIN Jan,679,https://www.strava.com/athletes/5950344
578,PETERS Nans,680,https://www.strava.com/pros/1662541
579,PETILLI Simone,681,https://www.strava.com/athletes/1847503
580,PETIT Adrien,682,https://www.strava.com/pros/5070415
581,PEYSKENS Dimitri,683,https://www.strava.com/athletes/1747204
582,PHILIPSEN Jasper,685,https://www.strava.com/pros/1727324
583,PICCOLI James,687,https://www.strava.com/pros/1703812
584,PICCOLO Andrea,688,https://www.strava.com/athletes/27058708
585,PICHON Laurent,689,https://www.strava.com/pros/4046772
586,PIDCOCK Thomas,690,https://www.strava.com/pros/16345903
587,PINOT Thibaut,691,http://www.strava.com/pros/1603067
588,PLANCKAERT Baptiste,692,https://www.strava.com/athletes/1644494
589,PLANCKAERT Edward,693,https://www.strava.com/pros/31541211
590,PLANET Charles,694,https://www.strava.com/athletes/7197886
591,POELS Wout,695,https://www.strava.com/athletes/37745230
592,POGACAR Tadej,696,https://www.strava.com/pros/6021015
593,POLANC Jan,697,https://www.strava.com/athletes/10166206
594,POLI Umberto,698,https://www.strava.com/athletes/14491435
595,POLITT Nils,699,https://www.strava.com/pros/2592883
596,PORTE Richie,700,https://www.strava.com/pros/6072239
597,PÖSTLBERGER Lukas,701,https://www.strava.com/pros/16697560
598,POWLESS Neilson,703,https://www.strava.com/pros/1557033
599,POZZOVIVO Domenico,704,https://www.strava.com/athletes/6800300
600,PRADES Eduard,705,https://www.strava.com/pros/9389733
601,PRICE-PEJTERSEN Johan,706,https://www.strava.com/athletes/13150937
602,PRODHOMME Nicolas,707,https://www.strava.com/pros/5201565
603,PUCCIO Salvatore,709,https://www.strava.com/pros/3068615
604,QUARTERMAN Charlie,710,https://www.strava.com/pros/1616670
605,QUINTANA Nairo,712,https://www.strava.com/athletes/16921436
606,RAVASI Edward,715,https://www.strava.com/athletes/5754904
607,REICHENBACH Sébastien,716,https://www.strava.com/pros/850495
608,REIJNEN Kiel,717,https://www.strava.com/pros/283433
609,RENARD Alexis,718,https://www.strava.com/pros/5915515
610,RESELL Erik Nordsaeter,720,https://www.strava.com/athletes/972735
611,RESTREPO Jhonatan,721,https://www.strava.com/athletes/3433850
612,REX Laurenz,722,https://www.strava.com/athletes/77293819
613,REYNDERS Jens,723,https://metro.strava.com/pros/2490121
614,REZA Kévin,724,https://www.strava.com/pros/3989143
615,RIABUSHENKO Alexandr,725,https://www.strava.com/athletes/15178847
616,RICCITELLO Matthew,726,https://www.strava.com/athletes/240775
617,RICHARDSON Alexander,727,https://www.strava.com/pros/7033791
618,RICKAERT Jonas,729,https://www.strava.com/pros/2738100
619,RIES Michel,730,https://www.strava.com/athletes/2676267
620,RIESEBEEK Oscar,731,https://www.strava.com/pros/1126609
621,RIKUNOV Petr,732,https://www.strava.com/athletes/36639209
622,RIOU Alan,733,https://www.strava.com/athletes/4548902
623,RIVERA Brandon Smith,734,https://www.strava.com/athletes/1769294
624,RIVERA Kevin,735,https://www.strava.com/athletes/19317173
625,ROBEET Ludovic,737,https://www.strava.com/athletes/3564229
626,ROBERGE Adam,738,https://www.strava.com/pros/9830847
627,ROCHAS Rémy,739,https://www.strava.com/athletes/3286366
628,ROCHE Nicolas,740,https://www.strava.com/athletes/29960839
629,RODRÍGUEZ Cristián,743,https://www.strava.com/athletes/9796680
630,RODRÍGUEZ Óscar,744,https://www.strava.com/pros/4776556
631,ROGLIC Primož,745,https://www.strava.com/athletes/67384124
632,ROJAS José Joaquín,746,https://www.strava.com/athletes/5180371
633,ROLLAND Pierre,747,https://www.strava.com/pros/3586046
634,ROMO Javier,748,https://www.strava.com/athletes/21190846
635,ROOSEN Timo,749,https://www.strava.com/pros/1515613
636,ROPERO Alejandro,750,https://www.strava.com/athletes/26507744
637,ROSA Diego,751,https://www.strava.com/pros/25190926
638,ROSSKOPF Joey,752,https://www.strava.com/pros/285611
639,ROTA Lorenzo,753,https://www.strava.com/pros/5387245
640,ROUX Anthony,754,https://www.strava.com/athletes/23265407
641,ROVNY Ivan,755,https://www.strava.com/athletes/13065971
642,ROWE Luke,756,https://www.strava.com/pros/785450
643,RUBIO Diego,757,https://www.strava.com/pros/2255099
644,RUBIO Einer Augusto,758,https://www.strava.com/athletes/13090041
645,RUIZ Ibon,759,https://www.strava.com/athletes/13717583
646,RUMAC Josip,760,https://www.strava.com/athletes/7309300
647,RUSSO Clément,761,https://www.strava.com/athletes/2905866
648,RUTSCH Jonas,762,https://www.strava.com/pros/18722207
649,SABATINI Fabio,763,https://www.strava.com/athletes/35731524
650,SÁEZ Héctor,764,https://www.strava.com/pros/7990731
651,SAGAN Peter,766,https://www.strava.com/athletes/27057278
652,SAIDOV Ulugbek,768,https://www.strava.com/athletes/14822906
653,SAJNOK Szymon,769,https://www.strava.com/athletes/39834967
654,SALMON Martin,770,https://www.strava.com/athletes/13232489
655,SAMITIER Sergio,771,https://www.strava.com/pros/3804129
656,SÁNCHEZ Luis León,772,https://www.strava.com/athletes/63781673
657,SARREAU Marc,776,https://www.strava.com/pros/4259094
658,SAUGSTAD Lars,777,https://www.strava.com/athletes/4449223
659,SAVINI Daniel,778,https://m.strava.com/athletes/4529953
660,SBARAGLI Kristian,779,https://www.strava.com/athletes/2006007
661,SCARONI Cristian,780,https://www.strava.com/athletes/18777210
662,SCHÄR Michael,782,https://www.strava.com/pros/296808
663,SCHELLING Ide,783,https://www.strava.com/pros/4056436
664,SCHELLING Patrick,784,https://www.strava.com/pros/1059089
665,SCHILLINGER Andreas,785,https://www.strava.com/pros/14588610
666,SCHMID Mauro,786,https://www.strava.com/pros/16876637
667,SCHNEITER Joab,787,https://www.strava.com/pros/4402594
668,SCHÖNBERGER Sebastian,788,https://www.strava.com/athletes/10045754
669,SCHULTZ Nick,789,https://www.strava.com/pros/358580
670,SCOTSON Miles,792,https://www.strava.com/pros/37431444
671,SELIG Rüdiger,795,https://www.strava.com/athletes/26565115
672,SÉNÉCHAL Florian,796,https://strava.com/athletes/32860766
673,SEPÚLVEDA Eduardo,797,https://www.strava.com/pros/13194699
674,SERRANO Gonzalo,798,https://www.strava.com/pros/3948047
675,SERRY Pieter,799,https://www.strava.com/pros/1832492
676,SHALUNOV Evgeny,801,https://www.strava.com/athletes/36558465
677,SHEFFIELD Magnus,802,https://www.strava.com/athletes/12291626
678,SIEBERG Marcel,804,https://www.strava.com/pros/2398500
679,SIMMONS Quinn,806,https://www.strava.com/athletes/4375151
680,SIMON Julien,807,https://www.strava.com/pros/2237545
681,SINKELDAM Ramon,808,https://www.strava.com/pros/17916554
682,ŠIŠKEVICIUS Evaldas,809,https://www.strava.com/pros/7344078
683,SIVAKOV Pavel,810,https://www.strava.com/pros/1808024
684,SKAARSETH Anders,811,https://www.strava.com/athletes/994688
685,SKAARSETH Iver,812,https://www.strava.com/athletes/5946819
686,SLEEN Torjus,815,https://www.strava.com/athletes/18760483
687,SMIT Willie,816,https://www.strava.com/pros/1706312
688,SMITH Dion,817,https://www.strava.com/pros/1323252
689,SOBRERO Matteo,818,https://www.strava.com/athletes/7181420
690,SOLER Marc,819,https://www.strava.com/pros/1996868
691,SOSA Iván Ramiro,820,https://www.strava.com/athletes/13590474
692,SOTO Antonio Jesus,821,https://www.strava.com/athletes/4076156
693,SOUPE Geoffrey,822,https://www.strava.com/pros/2159156
694,SPRENGERS Thomas,823,https://www.strava.com/pros/1408559
695,STACCHIOTTI Riccardo,824,https://www.strava.com/athletes/9003530
696,STALNOV Nikita,825,https://www.strava.com/athletes/8901896
697,STANNARD Robert,826,https://www.strava.com/athletes/6394625
698,STEELS Stijn,827,https://www.strava.com/pros/1325926
699,STEIMLE Jannik,828,https://www.strava.com/pros/2380075
700,STEWART Jake,829,https://www.strava.com/pros/17096447
701,STOJNIC Veljko,830,https://www.strava.com/athletes/8691592
702,STOKBRO Andreas,831,https://www.strava.com/pros/4107267
703,STORER Michael,832,https://www.strava.com/pros/17191487
704,STORK Florian,833,https://www.strava.com/athletes/33232423
705,STRAKHOV Dmitry,834,https://www.strava.com/athletes/24843600
706,STUYVEN Jasper,835,https://www.strava.com/pros/288335
707,SUNDERLAND Dylan,837,https://www.strava.com/pros/1660424
708,SUREDA Jaume,838,https://www.strava.com/athletes/2067908
709,SÜTTERLIN Jasha,841,https://www.strava.com/pros/2582117
710,SWEECK Diether,842,https://www.strava.com/athletes/722257
711,SWEENY Harry,843,https://www.strava.com/athletes/743112
712,SWIFT Ben,844,https://www.strava.com/pros/1476851
713,SWIFT Connor,845,https://www.strava.com/pros/863203
714,TAARAMÄE Rein,847,https://www.strava.com/athletes/13248583
715,TAGLIANI Filippo,848,https://www.strava.com/athletes/3542239
716,TAMINIAUX Lionel,849,https://www.strava.com/athletes/12478124
717,TANFIELD Harry,850,https://www.strava.com/pros/1138679
718,TEJADA Harold,851,https://www.strava.com/athletes/11225647
719,TERPSTRA Niki,852,http://www.strava.com/pros/340874
720,TESFATSION Natnael,853,https://www.strava.com/athletes/45113987
721,TEUNISSEN Mike,854,https://www.strava.com/pros/1419979
722,THEUNS Edward,856,https://www.strava.com/pros/1668485
723,THIJSSEN Gerben,857,https://www.strava.com/pros/3417988
724,THOMAS Benjamin,858,https://www.strava.com/athletes/1700745
725,THWAITES Scott,860,https://www.strava.com/pros/269031
726,TIBERI Antonio,861,https://www.strava.com/athletes/13764349
727,TILLER Rasmus,862,https://www.strava.com/athletes/3905720
728,TOLHOEK Antwan,863,https://www.strava.com/pros/1039712
729,TONELLI Alessandro,864,https://www.strava.com/athletes/3194779
730,TORRES Albert,865,https://www.strava.com/athletes/584854
731,TORTOMASI Leonardo,866,https://www.strava.com/athletes/18939676
732,TOUZÉ Damien,868,https://www.strava.com/athletes/2926114
733,TRÆEN Torstein,869,https://www.strava.com/athletes/2674561
734,TRAININI Tomas,870,https://www.strava.com/athletes/23829738
735,TRARIEUX Julien,871,https://www.strava.com/athletes/1729691
736,TRATNIK Jan,872,https://www.strava.com/athletes/18885405
737,TROIA Oliviero,874,https://www.strava.com/athletes/1311227
738,TULETT Ben,875,https://www.strava.com/athletes/8358827
739,TUREK Daniel,876,https://www.strava.com/pros/2716222
740,TURGIS Anthony,877,https://www.strava.com/athletes/5123163
741,TUSVELD Martijn,878,http://www.strava.com/pros/648928
742,UMBA Santiago,881,https://www.strava.com/athletes/72722542
743,URÁN Rigoberto,882,https://www.strava.com/pros/1514397
744,URBANO Carmelo,883,https://www.strava.com/pros/3776960
745,URIANSTAD Martin,884,https://www.strava.com/athletes/13682757
746,VACEK Karel,885,https://www.strava.com/athletes/26479654
747,VAHTRA Norman,887,https://www.strava.com/athletes/28007299
748,VAKOC Petr,888,https://www.strava.com/pros/327434
749,VALGREN Michael,889,https://www.strava.com/pros/2109462
750,VALLÉE Boris,890,https://www.strava.com/pros/5968580
751,VALTER Attila,892,https://www.strava.com/athletes/3046537
752,VALVERDE Alejandro,893,https://www.strava.com/athletes/25407057
753,VAN AERT Wout,894,https://www.strava.com/pros/189040
754,VAN ASBROECK Tom,895,https://www.strava.com/pros/387215
755,VAN AVERMAET Greg,896,http://www.strava.com/pros/287820
756,VAN BAARLE Dylan,897,https://www.strava.com/pros/490505
757,VAN DEN BERG Julius,898,https://www.strava.com/pros/1651134
758,VAN DEN BERG Lars,899,https://metro.strava.com/pros/17170741
759,VAN DEN BOSSCHE Fabio,900,https://www.strava.com/athletes/1867924
760,VAN DER HOORN Taco,901,https://www.strava.com/athletes/676750
761,VAN DER POEL David,902,https://www.strava.com/pros/542394
762,VAN DER POEL Mathieu,903,https://www.strava.com/pros/559834
763,VAN DER SANDE Tosh,904,https://www.strava.com/pros/1750959
764,VAN DER TUUK Danny,905,https://www.strava.com/athletes/9069073
765,VAN ELZAKKER Wout,906,https://www.strava.com/athletes/4581235
766,VAN EMDEN Jos,907,https://www.strava.com/pros/7660926
767,VAN EMPEL Etienne,908,https://www.strava.com/pros/1149352
768,VAN GARDEREN Tejay,909,https://www.strava.com/pros/3391355
769,VAN GENECHTEN Jonas,910,https://www.strava.com/athletes/1905101
770,VAN GESTEL Dries,911,https://www.strava.com/athletes/13142575
771,VAN GILS Maxim,912,https://www.strava.com/pros/19005138
772,VAN HOECKE Gijs,913,http://www.strava.com/pros/1615119
773,VAN HOOYDONCK Nathan,914,https://www.strava.com/athletes/1164101
774,VAN KESSEL Corné,915,https://www.strava.com/pros/957045
775,VAN LERBERGHE Bert,916,https://www.strava.com/athletes/3647574
776,VAN MELSEN Kévin,917,https://www.strava.com/pros/4227606
777,VAN MOER Brent,918,https://www.strava.com/athletes/3855537
778,VAN POPPEL Boy,919,https://www.strava.com/athletes/52520116
779,VAN POPPEL Danny,920,https://www.strava.com/pros/994476
780,VAN POUCKE Aaron,921,https://www.strava.com/pros/7967844
781,VAN WILDER Ilan,923,https://www.strava.com/athletes/13125039
782,VAN WINDEN Dennis,924,https://www.strava.com/pros/2021447
783,VANBILSEN Kenneth,925,https://www.strava.com/athletes/2393015
784,VANDENABEELE Henri,926,https://www.strava.com/athletes/6398824
785,VANDEPUTTE Niels,927,https://strava.com/athletes/8201227
786,VANHOOF Ward,929,https://www.strava.com/athletes/14929135
787,VANHOUCKE Harm,930,https://www.strava.com/pros/3416738
788,VAUQUELIN Kevin,934,https://www.strava.com/athletes/24668658
789,VELASCO Simone,935,https://www.strava.com/pros/522423
790,VENNER Quentin,938,https://www.strava.com/athletes/6547917
791,VENTURINI Clément,939,https://www.strava.com/pros/1932146
792,VERGAERDE Otto,940,https://www.strava.com/pros/3123001
793,VERMAERKE Kevin,941,https://www.strava.com/athletes/29140444
794,VERMEERSCH Florian,942,https://www.strava.com/athletes/9421925
795,VERMEERSCH Gianni,943,https://www.strava.com/pros/1978998
796,VERONA Carlos,944,http://www.strava.com/pros/1405137
797,VERSCHAEVE Viktor,945,https://www.strava.com/pros/3092222
798,VERVAEKE Louis,946,https://www.strava.com/pros/1123635
799,VERVLOESEM Xandres,947,https://www.strava.com/athletes/20187980
800,VERWILST Aaron,948,https://www.strava.com/pros/13084830
801,VIEGAS Daniel,949,https://www.strava.com/athletes/38856698
802,VIEL Mattia,950,https://www.strava.com/athletes/3005446
803,VIGO Martí,951,https://www.strava.com/athletes/16072751
804,VILLELLA Davide,952,https://www.strava.com/pros/1756844
805,VINE Jay,953,https://www.strava.com/athletes/4057312
806,VINGEGAARD Jonas,954,https://www.strava.com/athletes/10495058
807,VINJEBO Emil,955,https://www.strava.com/athletes/1675720
808,VISCONTI Giovanni,956,https://www.strava.com/pros/2957348
809,VIVIANI Attilio,957,https://www.strava.com/athletes/12726147
810,VIVIANI Elia,958,https://www.strava.com/pros/26837991
811,VLASOV Aleksandr,959,https://www.strava.com/athletes/19916624
812,VLIEGEN Loïc,960,https://www.strava.com/athletes/2333960
813,VUILLERMOZ Alexis,961,https://www.strava.com/pros/1934385
814,WACKERMANN Luca,962,https://www.strava.com/pros/18849972
815,WÆRENSKJOLD Søren,963,https://www.strava.com/athletes/17599254
816,WÆRSTED Syver,964,https://www.strava.com/athletes/1024578
817,WALLAYS Jelle,965,https://strava.com/athletes/16345356
818,WALSCHEID Max,967,https://www.strava.com/pros/2323575
819,WALSLEBEN Philipp,968,https://www.strava.com/pros/704876
820,WANDAHL Frederik,969,https://www.strava.com/athletes/14070429
821,WARBASSE Larry,970,https://www.strava.com/pros/197359
822,WARLOP Jordi,971,https://www.strava.com/pros/19342022
823,WEEMAES Sasha,972,https://www.strava.com/athletes/1375135
824,WELLENS Tim,973,https://www.strava.com/pros/366860
825,WELTEN Bram,974,https://www.strava.com/athletes/16358800
826,WHELAN James,975,https://www.strava.com/pros/3356275
827,WILLEMS Thimo,976,https://www.strava.com/athletes/23710274
828,WILLIAMS Stephen,977,https://www.strava.com/athletes/1109766
829,WIRTGEN Tom,979,https://www.strava.com/athletes/27053365
830,WISNIOWSKI Lukasz,980,https://www.strava.com/pros/3756850
831,WOODS Michael,981,https://www.strava.com/pros/425147
832,WRIGHT Fred,982,https://www.strava.com/pros/25495602
833,WURF Cameron,983,https://www.strava.com/pros/430673
834,WÜRTZ SCHMIDT Mads,984,https://www.strava.com/athletes/2109406
835,WYNANTS Maarten,985,https://www.strava.com/pros/576925
836,YATES Adam,986,http://www.strava.com/pros/259171
837,YATES Simon,987,http://www.strava.com/pros/278282
838,ZABEL Rick,988,https://www.strava.com/pros/2557063
839,ZACCANTI Filippo,989,https://www.strava.com/athletes/3396365
840,ZANA Filippo,992,https://www.strava.com/athletes/39169689
841,ZANONCELLO Enrico,993,https://www.strava.com/athletes/4941184
842,ZARDINI Edoardo,994,https://www.strava.com/athletes/3689004
843,ZEITS Andrey,995,https://www.strava.com/activities/577057091
844,ZHYHUNOU Dzmitry,996,https://www.strava.com/athletes/10810067
845,ZIMMERMANN Georg,997,https://www.strava.com/athletes/5284986
846,ZINGLE Axel,998,https://www.strava.com/athletes/6973093
847,ZOCCARATO Samuele,999,https://www.strava.com/athletes/9135247
848,ZUKOWSKY Nickolas,1000,https://www.strava.com/pros/5190714
849,ZWIEHOFF Ben,1001,https://www.strava.com/pros/1118391
850,HUMM Daniel,1005,https://www.strava.com/athletes/10411959
851,JANS Roy,1006,https://www.strava.com/athletes/1015750
852,KUNZ Dominic,1007,https://www.strava.com/athletes/3594455
853,LANGELLOTTI Victor,1008,https://www.strava.com/pros/1454785
854,PARPAN Dominik,1011,https://www.strava.com/athletes/28719377
855,PONOMAR Andrii,1012,https://www.strava.com/athletes/24521924
856,SCHMID Diego,1013,https://www.strava.com/athletes/15403267
857,STÖCKLI Jan,1015,https://www.strava.com/athletes/19920819
858,VORRIAS Ioannis,1016,https://www.strava.com/athletes/886713
859,RÄIM Mihkel,1090,https://www.strava.com/pros/2469093
860,ENGER Sondre Holst,1093,https://www.strava.com/athletes/4848740
861,LEMUS Luis,1094,https://www.strava.com/athletes/1150402
862,DEMPSTER Zak,1095,https://www.strava.com/athletes/365015
863,GOLDSTEIN Roy,1096,https://www.strava.com/athletes/1492619
864,SCHREURS Hamish,1097,https://www.strava.com/athletes/5943644
865,WILLIAMS Tyler,1098,https://www.strava.com/pros/174573
866,DUNNE Conor,1099,https://www.strava.com/athletes/759393
867,OVETT Freddy,1100,https://www.strava.com/pros/9503563
868,LAHAV Omer,1101,https://www.strava.com/athletes/14361760
869,ARRIETA Igor,1102,https://www.strava.com/athletes/20793265
870,BARONCINI Filippo,1103,https://www.strava.com/athletes/10383106
871,BONNET Thomas,1105,https://www.strava.com/athletes/4097622
872,COBO Iván,1106,https://www.strava.com/athletes/8585917
873,COLNAGHI Luca,1107,https://www.strava.com/athletes/9781378
874,DAUPHIN Florian,1108,https://www.strava.com/athletes/7379248
875,DE LIE Arnaud,1109,https://www.strava.com/athletes/28980231
876,GROß Felix,1111,https://www.strava.com/pros/10573633
877,HELLEMOSE Asbjørn,1112,https://www.strava.com/athletes/5502015
878,HESSMANN Michel,1113,https://www.strava.com/athletes/6025342
879,HOOLE Daan,1114,https://www.strava.com/pros/3979847
880,JEANNIERE Emilien,1115,https://www.strava.com/athletes/7432267
881,JOUSSEAUME Alan,1118,https://www.strava.com/athletes/16727452
882,LAGRÉE Adrien,1119,https://www.strava.com/athletes/37812560
883,LAPEIRA Paul,1120,https://www.strava.com/athletes/12558355
884,LAURANCE Axel,1121,https://www.strava.com/athletes/14553572
885,LE BERRE Mathis,1122,https://www.strava.com/athletes/11592736
886,MULUBRHAN Henok,1123,https://www.strava.com/athletes/63258072
887,PARET-PEINTRE Valentin,1124,https://www.strava.com/athletes/20161082
888,PIETERSE Puck,1125,https://www.strava.com/athletes/13755668
889,RETAILLEAU Valentin,1126,https://www.strava.com/athletes/8203181
890,VAN DIJKE Mick,1127,https://www.strava.com/athletes/26465206
891,VOISARD Yannis,1129,https://www.strava.com/athletes/6743305
892,HOLLYMAN Mason,1130,https://www.strava.com/pros/12572856
893,PICKRELL Riley,1134,https://www.strava.com/athletes/8424173
894,GOLDSTEIN Edo,1135,https://www.strava.com/athletes/2739223?hl=fr-FR
895,PLAMONDON Robin,1136,https://www.strava.com/athletes/11173432
