full_name,url,cyclist_id,team_pcs_id
ABERASTURI Jon,https://www.strava.com/pros/16275051,1,"4831,1176,2736,4044,1111,1773"
ABRAHAMSEN Jonas,https://www.strava.com/athletes/3249116,2,"1420,1363,1573"
ACKERMANN Pascal,https://www.strava.com/pros/12274527,3,"2171,1411"
ADRIÀ Roger,https://www.strava.com/athletes/6390713,4,7807
AFFINI Edoardo,https://www.strava.com/pros/37167909,5,"1207,1330,2702"
AGIRRE Jon,,6,7807
ALAPHILIPPE Julian,,7,"1805,1328"
ALBA Juan Diego,https://www.strava.com/athletes/38162237,8,"2040,1617"
ALBANESE Vincenzo,https://www.strava.com/pros/3488983,9,"4723,3345"
ALEOTTI Giovanni,https://www.strava.com/athletes/21536765,10,"6076,1411"
ALLEGAERT Piet,https://www.strava.com/pros/4111169,11,"1136,1453"
ALMEIDA João,,12,"1458,2355,1328"
ALONSO Mikel,,13,4831
AMADOR Andrey,https://www.strava.com/athletes/1593769,14,"1423,1109,2040"
AMEZQUETA Julen,https://www.strava.com/pros/1790897,15,"1181,1111"
ANACONA Winner,https://www.strava.com/pros/12542977,16,"1253,1107,2040"
ANDERSEN Idar,https://www.strava.com/athletes/10443289,17,1420
ANDERSON Edward,https://www.strava.com/athletes/2346552,18,"1100,1458"
ANGULO Antonio,,19,"1089,2738,4831,1250"
ANIOLKOWSKI Stanislaw,https://www.strava.com/athletes/27483509,20,"1482,1120,3934,2368"
APARICIO Mario,https://www.strava.com/athletes/7985316,21,1109
APERS Ruben,,22,"1453,1944"
ARAIZ Sergio,,23,7807
ARANBURU Alex,https://www.strava.com/athletes/7094043,24,"1375,1111,2736"
ARANBURU Jokin,https://www.strava.com/athletes/26726869,25,4831
ARASHIRO Yukiya,https://www.strava.com/athletes/12337203,26,"2691,3814,1175,4012,1253,4024"
ARCAS Jorge,https://www.strava.com/pros/2276607,27,2040
ARCHBOLD Shane,,28,"1411,1328,1069,5643,1459,3866"
ARCHIBALD John,,29,"5609,4723"
ARDILA Andrés Camilo,,30,1253
ARENSMAN Thymen,https://www.strava.com/athletes/1936233,31,"1360,2702"
ARISTI Mikel,,32,"4831,4044,2736,4014"
ARMÉE Sander,,33,"1453,2088,1324,1293"
ARMIRAIL Bruno,https://www.strava.com/pros/2192184,34,"1187,1969"
ARNDT Nikias,,35,"1360,1264"
ARROYAVE Daniel,,36,"4000,4939,4954"
ARU Fabio,https://www.strava.com/pros/28635374,37,"1293,1253,1375"
ASGREEN Kasper,https://www.strava.com/pros/36356974,38,"1607,2111,1328"
AULAR Orluis,https://www.strava.com/athletes/17546094,39,"1273,1111,1721"
ÁVILA Edwin,https://www.strava.com/athletes/6094073,40,"2407,1109,2738,6694,1141"
AYUSO Juan,https://www.strava.com/athletes/10780095,41,"2214,1253"
AZPARREN Xabier Mikel,,42,4831
AZURMENDI Ibai,https://www.strava.com/athletes/3060100,43,4831
BACKAERT Frederik,https://www.strava.com/pros/23726463,44,"1490,4627"
BADILATTI Matteo,https://www.strava.com/athletes/4419459,45,"1436,2738,1187"
BAGIOLI Andrea,https://www.strava.com/athletes/19593505,46,"2214,1328"
BAGIOLI Nicola,https://www.strava.com/athletes/2476243,47,"2925,1122,4627"
BAGÜES Aritz,https://www.strava.com/pros/1126708,48,"2736,4044,1111"
BAIS Davide,https://www.strava.com/athletes/2566327,49,"6076,4723"
BAIS Mattia,https://www.strava.com/athletes/2573969,50,"6076,2925"
BAKELANTS Jan,https://www.strava.com/pros/3943249,51,"1490,1258,1453,1328,1360,1060,2088"
BALLARIN Iker,,52,4831
BALLERINI Davide,https://www.strava.com/athletes/1930273,53,"1375,2355,1511,1328,2925"
BARBERO Carlos,,54,"4044,1111,2040,1293"
BARBIER Pierre,,55,"1346,4014"
BARBIER Rudy,https://www.strava.com/athletes/7019829,56,"1346,1060,2738"
BARCELÓ Fernando,https://www.strava.com/pros/3943346,57,"2736,1136"
BARDET Romain,http://www.strava.com/pros/1630132,58,"1360,1060"
BARGUIL Warren,https://www.strava.com/pros/722861,59,"1360,1107"
BARRAINKUA AGIRRE Ainhize,,60,7556
BARRENETXEA Jon,https://www.strava.com/pros/3028726,61,1111
BARTA Will,https://www.strava.com/pros/831403,62,"1458,1103,4000"
BARTHE Cyril,,63,"2736,4627"
BARTOLOZZI Andrea,https://www.strava.com/athletes/26007448,64,1181
BAŠKA Erik,,65,"2884,1805,1165,1411"
BASSETT Stephen,https://www.strava.com/pros/622396,66,"1137,2239,1235,1227"
BASSO Leonardo,,67,1423
BATTAGLIN Enrico,https://www.strava.com/pros/3018523,68,"1233,3345,1330,3814"
BATTISTELLA Samuele,https://www.strava.com/athletes/16571022,69,"1375,1293,3105"
BAUER Jack,,70,"1207,1170,1328,4000"
BAUHAUS Phil,https://www.strava.com/pros/2217800,71,"1360,1411,3814,1445"
BAYER Tobias,https://www.strava.com/athletes/8409483,72,"1461,1100"
BEADLE Hamish,,73,1430
BEAR Ido,,74,
BEHRINGER Oliver,https://www.strava.com/athletes/1597609,75,1430
BELLETTI Manuel,https://www.strava.com/pros/2508843,76,"1060,3345,1181,2925,4723"
BELLICAUD Jeremy,https://www.strava.com/athletes/7652767,77,1490
BEN MOSHE Yuval,https://www.strava.com/athletes/3409968,78,"2738,6694"
BENEDETTI Cesare,https://www.strava.com/athletes/1326031,79,1411
BENHAMOUDA Mehdi,,80,1430
BENNETT George,https://www.strava.com/pros/880187,81,"2325,1458,1258,1330"
BENNETT Sam,,82,"1411,1328,1069"
BENNETT Sean,https://www.strava.com/athletes/326585,83,"4000,1069,1458,1227,3377,1293"
BENOIST Antoine,https://strava.com/athletes/8216019,84,"8393,1100"
BENOOT Tiesj,https://www.strava.com/pros/1128302,85,"1360,2088"
BEPPU Fumiyuki,https://www.strava.com/pros/6068080,86,"4000,1335,4014,1467,1258,1207,1360"
BERHANE Natnael,https://www.strava.com/athletes/51821945,87,"1293,1136,1175"
BERNAL Egan,https://www.strava.com/pros/2119306,88,"1423,2925"
BERNARD Julien,https://www.strava.com/pros/1903938,89,1258
BERRADE Urko,https://www.strava.com/athletes/13308515,90,"7807,2736"
BERTAZZO Liam,,91,"2355,1181"
BERTHET Clément,,92,4014
BERWICK Sebastian,,93,"2738,3053"
BETTIOL Alberto,https://www.strava.com/pros/16874183,94,"1103,2325,4000"
BEULLENS Cédric,https://www.strava.com/pros/5250418,95,1453
BEVILACQUA Mattia,,96,1181
BEVILACQUA Simone,,97,1181
BEVIN Patrick,,98,"4000,2738,1103,1098,1197"
BEWLEY Sam,,99,"1335,1458,1207"
BIDARD François,https://www.strava.com/pros/2916501,100,1060
BIERMANS Jenthe,https://www.strava.com/athletes/2305481,101,"1233,2702,2367,2738"
BILBAO Pello,,102,"1111,3814,1375,1176,4831"
BISOLTI Alessandro,,103,"3345,1181,1511,2925,1233,1122"
BISSEGGER Stefan,https://www.strava.com/athletes/4671192,104,"2264,4000,5649"
BIZKARRA Mikel,https://www.strava.com/athletes/3673069,105,"4831,2423,2736,4044"
BJERG Mikkel,,106,"1253,1458,3007"
BLIKRA Erlend,https://www.strava.com/athletes/4013766,107,"1420,1363"
BOARO Manuele,https://www.strava.com/athletes/2323390,108,"2884,1375,3814"
BOASSON HAGEN Edvald,,109,"1423,1398,1175,1216,1293"
BODNAR Maciej,,110,"2884,1408,1411,2325"
BOEV Igor,https://www.strava.com/athletes/36495113,111,"1508,1223"
BOHLI Tom,https://www.strava.com/athletes/41905231,112,"1103,1136,1253"
BOILEAU Alan,,113,4627
BOIVIN Guillaume,https://www.strava.com/athletes/616061,114,"2325,1235,1316,2738"
BOL Cees,https://www.strava.com/athletes/1331421,115,"2702,1331,1360"
BOL Jetse,https://www.strava.com/pros/588876,116,"1331,2998,1109,1473,1330"
BONIFAZIO Leonardo,https://www.strava.com/athletes/9722733,117,"2735,1175"
BONIFAZIO Niccolò,https://www.strava.com/pros/1554175,118,"1253,3814,1258,1175"
BONNAMOUR Franck,https://www.strava.com/pros/4018952,119,"4627,1107"
BONNET William,https://www.strava.com/pros/6998219,120,"1187,1096,6578,1175"
BOOKWALTER Brent,https://www.strava.com/athletes/26475512,121,"1103,1207,1098"
BOU Joan,https://www.strava.com/athletes/11168033,122,"4831,1122"
BOUCHARD Geoffrey,https://www.strava.com/pros/104028,123,1060
BOUDAT Thomas,https://www.strava.com/pros/14201933,124,"1175,1107"
BOUET Maxime,https://www.strava.com/pros/7331365,125,"1107,1061,1328,1060"
BOUHANNI Nacer,https://www.strava.com/pros/48143759,126,"1107,1187,1136"
BOUWMAN Koen,https://www.strava.com/pros/1993533,127,"1330,2702,1153"
BRAMBILLA Gianluca,,128,"1328,1429,1258,3345"
BRAND Sam,https://www.strava.com/pros/1170160,129,1430
BRÄNDLE Matthias,https://www.strava.com/pros/266080,130,"1411,1258,1570,1169,1396,1198,2738"
BRAVO Garikoitz,https://www.strava.com/athletes/26353981,131,"1089,1176,4831,2736,1111"
BRENNER Marco,,132,1360
BRITTON Rob,https://www.strava.com/pros/1084629,133,"1409,1235,1419,1098"
BROWN Connor,https://www.strava.com/athletes/20167511,134,"3105,1293,4890"
BROWN Nathan,https://www.strava.com/pros/259470,135,"1458,4000,1235"
BRUNEL Alexys,https://www.strava.com/athletes/8411551,136,"1187,5638"
BRUSSENSKIY Gleb,,137,"2422,1375"
BUCHMANN Emanuel,https://www.strava.com/pros/2685219,138,"2171,1411,1514"
BUITRAGO Santiago,,139,3814
BURGAUDEAU Mathieu,https://www.strava.com/athletes/12274525,140,1175
BURGHARDT Marcus,https://www.strava.com/pros/1803986,141,"1216,1411,1103"
BURKE Jack,,142,
BYSTRØM Sven Erik,https://www.strava.com/athletes/2542098,143,"1253,1233,1363"
CABEDO Óscar,https://www.strava.com/athletes/5762377,144,1109
CABOT Jérémy,,145,"1346,1175"
CAICEDO Jonathan Klever,,146,"3045,3925,7174,4000"
CALLE Juan Fernando,https://www.strava.com/pros/48935268,147,1111
CALMEJANE Lilian,https://www.strava.com/pros/1805247,148,"1175,1060"
CAM Maxime,https://www.strava.com/athletes/3966534,149,"4627,1107"
CAMARGO Diego Andrés,,150,"4000,1617,6363"
CAMPENAERTS Victor,https://www.strava.com/pros/620617,151,"1330,1293,1453,2088"
CANAL Carlos,https://www.strava.com/pros/10941882,152,1109
CAÑAVERAL Johnatan,https://www.strava.com/athletes/8367340,153,"3345,3045,4912"
CANOLA Marco,https://www.strava.com/athletes/13759019,154,"1211,1122,3345,1508"
CANTÓN Isaac,https://www.strava.com/pros/8619413,155,"1109,4723"
CAPECCHI Eros,https://strava.com/athletes/7664988,156,"1328,2325,3814,1375,2040,1198"
CAPIOT Amaury,https://www.strava.com/pros/2613903,157,"1453,1107"
CARAPAZ Richard,https://www.strava.com/athletes/15104335,158,"2040,3045,1423"
CARBONI Giovanni,https://www.strava.com/athletes/20511815,159,"2420,3345,2355"
CARISEY Clément,https://www.strava.com/athletes/1577875,160,"2738,4014"
CARPENTER Robin,https://www.strava.com/pros/188840,161,"1554,1235,1516"
CARR Simon,https://www.strava.com/athletes/3611828,162,"4014,4000"
CARRETERO Héctor,,163,2040
CARTHY Hugh,,164,"1111,4000,1336"
CARUSO Damiano,https://www.strava.com/pros/4084289,165,"1402,2325,1103,3814"
CARVALHO Andre,https://www.strava.com/athletes/2973929,166,"3143,1458,1136"
CASTRILLO Jaime,https://www.strava.com/pros/3983729,167,"7807,2040"
CASTRIQUE Jonas,https://www.strava.com/athletes/2373068,168,"1533,1482"
CASTROVIEJO Jonathan,,169,"2040,4044,1176,1423"
CATAFORD Alexander,https://www.strava.com/athletes/3490359,170,"3332,1211,2239,2738,1779"
CATALDO Dario,,171,"2325,1423,1375,2040,1328"
CATTANEO Mattia,https://www.strava.com/athletes/10887608,172,"2925,1328,1253"
CAVAGNA Rémi,https://www.strava.com/pros/2203430,173,"1328,1805"
CAVENDISH Mark,https://www.strava.com/athletes/305159,174,"3814,1424,1293,1216,1328,1423"
CEPEDA Jefferson Alexander,,175,"2925,7174"
CEPEDA Jefferson Alveiro,,176,"7174,3889,1111"
CERNÝ Josef,https://www.strava.com/pros/323461,177,"1774,1325,1328,1120,1103"
CHAMPION Thomas,,178,1136
CHAMPOUSSIN Clément,https://www.strava.com/athletes/3429256,179,1060
CHARMIG Anthon,https://www.strava.com/athletes/4027056,180,"1383,1420,1607,7701"
CHAVES Esteban,https://www.strava.com/athletes/4119801,181,"1141,1207"
CHEREL Mikaël,https://www.strava.com/pros/2136208,182,"1187,1060"
CHERKASOV Nikolay,https://www.strava.com/athletes/20388790,183,1508
CHERNETSKI Sergei,,184,"1508,1233,1111,1375,1223"
CHEVALIER Maxime,,185,4627
CHIRICO Luca,https://www.strava.com/athletes/46449479,186,"3345,2355,2925,1455"
CHRISTIAN Mark,,187,"4723,3894,1069,2755,3866,1419"
CICCONE Giulio,https://www.strava.com/pros/29028250,188,"1258,3345"
CIMA Damiano,,189,"1508,1122"
CIMA Imerio,https://www.strava.com/athletes/37932549,190,"1122,1508"
CIMOLAI Davide,https://www.strava.com/pros/20904837,191,"2738,1187,1253,2325"
CLAEYS Dimitri,https://www.strava.com/pros/4980290,192,"1411,1228,1902,1490,1465,1136,1293"
CLANCY Stephen,,193,1430
CLARKE Simon,https://strava.com/athletes/11460770,194,"1059,4000,1375,1293,1207,1361,1181"
COLBRELLI Sonny,https://www.strava.com/athletes/2655853,195,"3814,3345"
COLLEONI Kevin,https://www.strava.com/athletes/3800500,196,"1207,6362"
COLMAN Alex,https://www.strava.com/pros/7604023,197,"3894,1453"
COMBAUD Romain,https://www.strava.com/athletes/5276222,198,"1969,1360,4014"
CONCA Filippo,https://www.strava.com/athletes/10925190,199,"2088,6362"
CONCI Nicola,https://www.strava.com/athletes/29535743,200,1258
CONSONNI Simone,https://www.strava.com/athletes/2824377,201,"1136,1253"
CONTI Valerio,,202,1253
CONTRERAS Rodrigo,,203,"2260,1617,1328,1463,1375"
COQUARD Bryan,https://www.strava.com/athletes/7633523,204,"1175,4627"
CORT Magnus,,205,"4000,1375,4009,1207,1382"
CORTJENS Ryan,https://strava.com/athletes/11328609,206,8393
COSNEFROY Benoît,,207,1060
COSTA Rui,https://www.strava.com/athletes/63456809,208,"1253,2040,1092"
COTÉ Pier-André,https://www.strava.com/athletes/1849243,209,"2239,1235"
COUSIN Jérôme,https://www.strava.com/pros/1789488,210,"1175,1136"
COVI Alessandro,https://www.strava.com/athletes/9286245,211,"2214,1253"
COVILI Luca,https://www.strava.com/athletes/9776534,212,3345
CRADDOCK Lawson,https://www.strava.com/pros/259263,213,"1360,1458,4000"
CRAS Steff,https://www.strava.com/pros/2195719,214,"2088,1233"
CUADRADO Unai,,215,4831
CUADROS Álvaro,https://www.strava.com/pros/3988420,216,"1111,1805"
CULLAIGH Gabriel,https://www.strava.com/pros/602548,217,"2755,2040,2702"
DAINESE Alberto,https://www.strava.com/pros/15121707,218,"2702,1360"
DAL-CIN Matteo,https://www.strava.com/pros/909835,219,"1235,2239"
DALLA VALLE Nicolas,https://www.strava.com/athletes/18885585,220,"1461,3345"
DAUGE Lucas,,221,1430
DAVIES Scott,https://www.strava.com/pros/568077,222,"1293,1737,2755,3814"
DAVY Clément,https://www.strava.com/pros/8843498,223,"5638,1187"
DE BACKER Bert,https://www.strava.com/pros/3283509,224,"4627,1239,1360"
DE BIE Sean,https://www.strava.com/pros/666711,225,"2088,1902,2690,1482,1513"
DE BOD Stefan,https://www.strava.com/athletes/3103884,226,"1375,1293,3105"
DE BONDT Dries,https://www.strava.com/athletes/1508855,227,"1933,1100,1902"
DE BONIS Matteo,https://www.strava.com/athletes/6392625,228,1181
DE BUYST Jasper,https://www.strava.com/athletes/84189953,229,"1453,2088,1458"
DE GENDT Aimé,https://www.strava.com/pros/5052874,230,"1490,1453"
DE GENDT Thomas,https://www.strava.com/pros/1855274,231,"2088,1453,1328,1465,4019,1185"
DE KEIJZER Gerd,,232,1430
DE KETELE Kenny,https://www.strava.com/pros/1644858,233,"1453,1104,1228"
DE KLEIJN Arvid,,234,"1382,1153,1268,1235,1945"
DE KORT Koen,https://www.strava.com/pros/2327652,235,"1331,1360,1375,1261,1258"
DE LA CRUZ David,https://www.strava.com/pros/2014488,236,"1253,1111,1411,1423,1328"
DE LA PARTE Víctor,,237,"1120,1111,1175,1103,1089,1436,1362,2040"
DE MARCHI Alessandro,https://www.strava.com/pros/9545283,238,"1103,2738,2925,2325"
DE PESTEL Sander,https://www.strava.com/pros/5501879,239,1453
DE PLUS Jasper,https://www.strava.com/pros/8064750,240,1490
DE PLUS Laurens,https://www.strava.com/pros/4049155,241,"1330,1328,1423"
DE ROSSI Lucas,,242,4014
DE TIER Floris,https://www.strava.com/pros/1129713,243,"1453,1330,1100"
DE VOS Adam,https://www.strava.com/pros/402858,244,"1235,2761"
DE VREESE Laurens,https://www.strava.com/pros/538528,245,"1375,1100,1490,1453"
DE VYLDER Lindsay,https://www.strava.com/pros/19308295,246,1453
DE WILDE Gilles,https://www.strava.com/athletes/6316317,247,1453
DE WINTER Ludwig,https://www.strava.com/pros/1763504,248,"1533,1490,1482"
DEBESAY Yakob,,249,"4014,5638"
DEBUSSCHERE Jens,https://www.strava.com/athletes/7556127,250,"4627,2088,1233"
DECLERCQ Benjamin,https://www.strava.com/pros/1023781,251,"1107,1453"
DECLERCQ Tim,https://www.strava.com/pros/1154552,252,"1453,1328"
DEGENKOLB John,https://www.strava.com/pros/6137589,253,"1216,1449,1360,1258,2088"
DEKKER David,https://www.strava.com/athletes/1439295,254,"1330,2702,1268"
DELACROIX Theo,https://www.strava.com/athletes/3602288,255,1490
DELAGE Mickaël,https://www.strava.com/pros/2004239,256,"2088,1187"
DELAPLACE Anthony,https://www.strava.com/pros/12853663,257,"4017,1107,1351"
DELETTRE Alexandre,,258,4014
DÉMARE Arnaud,https://www.strava.com/pros/1737657,259,1187
DENNIS Rohan,https://www.strava.com/athletes/3398184,260,"1331,1423,1397,3814,1103,1080,4000"
DENZ Nico,https://www.strava.com/pros/3423315,261,"1360,1060"
DEVENYNS Dries,https://www.strava.com/pros/3949717,262,"1570,2088,1328,1360"
DEVRIENDT Tom,https://www.strava.com/pros/7830934,263,"1651,1490"
DEWULF Stan,https://www.strava.com/athletes/3470393,264,"1060,2088"
DI RENZO Andrea,http://www.strava.com/athletes/9399506,265,"2706,1181"
DÍAZ José Manuel,https://www.strava.com/athletes/3407398,266,"4014,2738,1436"
DILLIER Silvan,https://www.strava.com/pros/12427912,267,"1436,1060,1100,1103"
DINA Márton,https://www.strava.com/pros/3310687,268,"4723,4920"
DLAMINI Nic,https://www.strava.com/athletes/44778602,269,"1293,3105"
DOCKER Mitchell,,270,"1360,4000,1207,1164"
DOMBROWSKI Joe,https://www.strava.com/pros/276702,271,"1458,4000,1253,1423"
DONOVAN Mark,https://www.strava.com/pros/1284150,272,"1360,2755"
DOUBEY Fabien,https://www.strava.com/pros/8819545,273,"1490,1175"
DOULL Owain,https://www.strava.com/athletes/280368,274,"2755,1069,1423"
DOWSETT Alex,https://www.strava.com/pros/505408,275,"1423,1458,2738,1233,2040"
DRUCKER Jempy,,276,"1103,1384,1490,1411,1136,1440"
DUCHESNE Antoine,https://www.strava.com/pros/1786916,277,"1187,1458,1175"
DUMOULIN Tom,,278,"1360,1330,1331"
DUNBAR Eddie,,279,"3866,1423,2348,1458"
DUPONT Timothy,https://www.strava.com/pros/1709131,280,"1228,1346,1490,1902,1482"
DURBRIDGE Luke,https://www.strava.com/athletes/1698342,281,"1207,1397"
DUVAL Julien,https://www.strava.com/pros/2191893,282,"1969,1346,1060"
EARLE Nathan,https://www.strava.com/pros/1005431,283,"1773,2738,1164,1197,1423"
EDET Nicolas,https://www.strava.com/pros/1621202,284,1136
EDMONDSON Alex,,285,1207
EEKHOFF Nils,https://www.strava.com/pros/3745308,286,"1360,3831"
EENKHOORN Pascal,https://www.strava.com/pros/1563189,287,1330
EG Niklas,https://www.strava.com/athletes/8516384,288,"1607,1258"
EGHOLM Jakob,https://www.strava.com/athletes/9680598,289,"1458,1607,3007,1258"
EIKING Odd Christian,https://www.strava.com/pros/601836,290,"1398,1490,1187"
EINHORN Itamar,https://www.strava.com/athletes/5096617,291,2738
EL CHOKRI Mehdi,,292,
EL FARES Julien,https://www.strava.com/pros/1710748,293,"1430,1136,1351,4014,4000"
ELISSONDE Kenny,http://www.strava.com/pros/1387645,294,"1423,1258,1187"
ELOSEGUI Iñigo,https://www.strava.com/athletes/2957127,295,2040
ERVITI Imanol,,296,2040
ETXEBERRIA Josu,https://www.strava.com/pros/13443879,297,1111
EVANS Alexander,https://www.strava.com/athletes/4663085,298,"1490,2702,4890"
EVENEPOEL Remco,https://www.strava.com/athletes/23069503,299,1328
EWAN Caleb,,300,"2088,1207"
EZQUERRA Jesús,https://www.strava.com/athletes/4743603,301,"2368,1109,1513,4825"
FABBRO Matteo,,302,"1233,1411"
FANCELLU Alessandro,https://www.strava.com/athletes/14866568,303,4723
FEDELI Alessandro,,304,"4014,2355"
FEDOROV Yevgeniy,,305,"2422,1375"
FELLINE Fabio,https://www.strava.com/athletes/15726977,306,"1375,1258,1198,2925"
FENG Chun Kai,,307,"3814,1253,1055,1134,2442"
FERASSE Thibault,,308,"1969,1346,4627"
FERNÁNDEZ Delio,,309,"4014,1495,1270,1800"
FERNÁNDEZ Rubén,https://www.strava.com/athletes/12607976,310,"2040,4831,1136,1111"
FERRON Valentin,,311,1175
FETTER Erik,https://www.strava.com/athletes/3909207,312,"4920,4723"
FINÉ Eddy,https://www.strava.com/athletes/2905568,313,1136
FINETTO Mauro,,314,"4014,2355,3345,1181,2325"
FIORELLI Filippo,https://www.strava.com/athletes/7178190,315,3345
FLÓREZ Miguel Eduardo,https://www.strava.com/athletes/29568372,316,"1181,2958,1107,2925"
FORMOLO Davide,https://www.strava.com/pros/1850959,317,"1253,1411,2325,4000"
FORTUNATO Lorenzo,https://www.strava.com/athletes/3125765,318,"4723,1181"
FOSS Tobias,,319,"1398,1330,1420"
FRAILE Omar,https://www.strava.com/pros/2962663,320,"1111,1375,4044,1293"
FRANK Mathias,,321,"1060,1103,1570,1199"
FRANKINY Kilian,https://www.strava.com/pros/1400765,322,"1187,1293,1103"
FRAPPORTI Marco,https://www.strava.com/pros/1841156,323,"3345,1181,2925,1511"
FRAPPORTI Mattia,https://www.strava.com/athletes/1783701,324,"2925,2355,4723"
FRISON Frederik,https://www.strava.com/athletes/28107247,325,2088
FROOME Chris,https://www.strava.com/pros/7491815,326,"5174,2738,1090,1423"
FUENTES Ángel,,327,1109
FUGLSANG Jakob,,328,"1383,1375,2884,1258"
GABBURO Davide,https://www.strava.com/athletes/4969603,329,"1181,3345,3332,2925"
GAILLARD Marlon,,330,1175
GALL Felix,https://www.strava.com/athletes/5060232,331,"1360,3831"
GALLOPIN Tony,,332,"1096,1136,1060,2088,1258"
GALVÁN Francisco,,333,7807
GAMPER Patrick,,334,"1411,4723,1461"
GANNA Filippo,https://www.strava.com/pros/3574069,335,"1423,1253"
GARCÍA PIERNA Carlos,,336,7807
GARCÍA CORTINA Iván,https://www.strava.com/pros/1292406,337,"3814,2040,1805"
GARCIA GONZALEZ Sergio,,338,4723
GARCÍA Jhojan,https://www.strava.com/athletes/6976598,339,"1111,3925,2998"
GARCÍA PIERNA Raúl,,340,7807
GAROSIO Andrea,https://www.strava.com/athletes/58403706,341,"2420,3814,1181,3345"
GARRISON Ian,https://www.strava.com/athletes/2436476,342,"1458,1328"
GASTAUER Ben,https://www.strava.com/athletes/28183022,343,1060
GAUDIN Damien,,344,"1060,1175,1969"
GAUDU David,https://www.strava.com/pros/4774417,345,1187
GAUTIER Cyril,https://www.strava.com/athletes/16442305,346,"1107,4627,1060,1175"
GAVAZZI Francesco,https://www.strava.com/athletes/21712783,347,"1375,1181,2925,1253,4723"
GAVIRIA Fernando,,348,"1253,1328,2260"
GAZE Samuel,https://www.strava.com/athletes/14396227,349,"8393,1100"
GEBREMEDHIN Awet,,350,"2738,6694,3915"
GENIETS Kevin,https://www.strava.com/athletes/13787818,351,"5638,1187"
GENIEZ Alexandre,https://www.strava.com/pros/1657853,352,"1175,1060,1187,1360"
GEOGHEGAN HART Tao,https://www.strava.com/pros/3264865,353,"1423,1458"
GESBERT Élie,https://www.strava.com/athletes/2321729,354,1107
GESCHKE Simon,https://www.strava.com/pros/13872795,355,"1136,1360,1103"
GESINK Robert,http://www.strava.com/pros/1216273,356,"1403,1331,1330"
GHEBREIGZABHIER Amanuel,https://www.strava.com/athletes/63330472,357,"1258,3105,1293"
GHIRMAY HAILU Biniam,,358,4014
GHYS Robbe,https://www.strava.com/athletes/7061008,359,1453
GIBBONS Ryan,https://www.strava.com/athletes/12772912,360,"3105,1253,1293,2094"
GIDICH Yevgeniy,https://www.strava.com/athletes/10361292,361,"2422,1375"
GILBERT Philippe,https://www.strava.com/athletes/3875398,362,"1187,1328,2088,1103"
GODON Dorian,https://www.strava.com/pros/1809256,363,"1060,1136"
GOGL Michael,https://www.strava.com/pros/28106196,364,"1258,2884,1461,1075,1293,1337"
GOIKOETXEA Peio,https://www.strava.com/athletes/1900044,365,"2998,4831"
GOLAS Michal,,366,"1464,1148,1185,1328,1059,1423"
GOLDSTEIN Omer,https://www.strava.com/athletes/36281396,367,2738
GONÇALVES José,https://www.strava.com/athletes/7793378,368,"1111,4014,1270,1233"
GONZÁLEZ Abner,,369,"2040,2728"
GONZÁLEZ David,https://www.strava.com/athletes/13720238,370,1111
GONZÁLEZ Roberto Carlos,,371,"1181,3045"
GOOSSENS Kobe,https://www.strava.com/athletes/4411135,372,"1440,1366,2088"
GOUGEARD Alexis,https://www.strava.com/athletes/9479785,373,1060
GRADEK Kamil,https://www.strava.com/athletes/2450702,374,"2744,1602,1181,2368,1120,1103"
GRÁVALOS Arturo,,375,4723
GREGAARD Jonas,https://www.strava.com/athletes/4056360,376,"1607,1382,1375"
GREIPEL André,https://www.strava.com/pros/384548,377,"1216,1437,2088,2738,1107"
GRELLIER Fabien,,378,1175
GRIGNARD Sébastien,https://www.strava.com/athletes/12429233,379,"1944,2088"
GRMAY Tsgabu,https://www.strava.com/athletes/15806002,380,"3814,1258,1253,1293,1207"
GROENEWEGEN Dylan,,381,"1473,1330,2690"
GRONDIN Donavan,https://www.strava.com/athletes/12308000,382,1107
GROßSCHARTNER Felix,,383,"1411,1337,1120"
GROSU Eduard-Michael,https://www.strava.com/pros/1915664,384,"1122,4014"
GROVES Kaden,https://www.strava.com/athletes/6728810,385,"3053,3927,1207,2702"
GRUZDEV Dmitriy,,386,"5161,5172,1375"
GUARNIERI Jacopo,,387,"2325,1375,1187,1233"
GUERNALEC Thibault,https://www.strava.com/pros/1751647,388,1107
GUERREIRO Ruben,https://www.strava.com/pros/2289445,389,"4000,1458,1258,1233"
GUGLIELMI Simon,https://www.strava.com/pros/5543279,390,"1187,5638"
HAAS Nathan,https://www.strava.com/pros/12924172,391,"1136,1293,1233,1197,4000"
HAGA Chad,https://www.strava.com/pros/269660,392,"1360,1235"
HAGEN Carl Fredrik,https://www.strava.com/pros/134614,393,"1317,2738,2088,1398"
HAIG Jack,https://www.strava.com/pros/283726,394,"1197,3814,1207"
HAILEMICHAEL Mulu Kinfe,,395,"3105,4014"
HALLER Marco,https://www.strava.com/pros/14762808,396,"3814,1461,1058,1233"
HALVORSEN Kristoffer,,397,"4000,1398,1420,1423"
HAMILTON Chris,https://www.strava.com/pros/2754904,398,"1360,1197"
HAMILTON Lucas,,399,"1207,3927"
HÄNNINEN Jaakko,https://www.strava.com/pros/4048714,400,1060
HANSEN Lasse Norman,https://www.strava.com/pros/1187926,401,"1400,1100,3866,4000,1445,1293,1382"
HARDY Romain,https://www.strava.com/pros/1760211,402,"1107,1136"
HARPER Chris,,403,"2733,1197,4890,1330"
HAUSSLER Heinrich,,404,"4000,1126,1570,3814,1216,1199"
HAYTER Ethan,https://www.strava.com/pros/601041,405,1423
HENAO Sebastián,https://www.strava.com/pros/11152709,406,"1423,1206,2260"
HENAO Sergio,,407,"1141,1293,1253,1423,1206"
HENDRIKX Mees,https://www.strava.com/athletes/4688695,408,8393
HENTTALA Joonas,,409,1430
HEPBURN Michael,,410,"1397,1207"
HERMANS Ben,https://www.strava.com/athletes/593390,411,"1103,1258,1453,2738,1335,4019"
HERMANS Quinten,https://www.strava.com/athletes/9162783,412,"1490,1440"
HERRADA Jesús,https://www.strava.com/pros/2592729,413,"2040,1136"
HERRADA José,https://www.strava.com/athletes/12250373,414,"1109,2040,1144,1136,1111"
HERREGODTS Rune,https://www.strava.com/athletes/12429750,415,1453
HIGUITA Sergio,,416,"2998,4000,4831"
HINDLEY Jai,https://www.strava.com/pros/1760759,417,"3927,1360,2442"
HINDSGAUL MADSEN Jacob,https://www.strava.com/athletes/17888092,418,"1420,1383"
HIRSCHI Marc,https://www.strava.com/pros/4475615,419,"1253,1360,3831"
HIRT Jan,https://www.strava.com/athletes/591813,420,"1120,1103,1375,1513,1490,1805"
HIVERT Jonathan,,421,"4627,1175,1107,1330,1351,6578,1360"
HODEG Álvaro José,https://www.strava.com/athletes/9311914,422,"1617,1328"
HOELGAARD Daniel,https://www.strava.com/athletes/12249974,423,"1363,1398,1805,1187,1420"
HOELGAARD Markus,https://www.strava.com/athletes/4047775,424,"1420,1363,1805,1398"
HOFLAND Moreno,http://www.strava.com/pros/806678,425,"4000,2088,1330,1331"
HOFSTEDE Lennard,https://www.strava.com/pros/8843343,426,"1330,1331,1360"
HOFSTETTER Hugo,https://www.strava.com/athletes/10847439,427,"1136,2738"
HOLLENSTEIN Reto,https://www.strava.com/pros/19150197,428,"1570,1233,2738,1436,1078,1411"
HOLLMANN Juri,https://www.strava.com/athletes/26853748,429,"2171,2040"
HOLMES Matthew,https://www.strava.com/pros/306330,430,"2088,1737,1419"
HONORÉ Mikkel Frølich,https://www.strava.com/athletes/270912,431,"1328,1607"
HOULE Hugo,https://www.strava.com/pros/288769,432,"1060,1375,1316"
HOWES Alex,https://www.strava.com/pros/11673347,433,"4000,1554"
HOWSON Damien,,434,"1397,1207"
HULGAARD Morten,https://www.strava.com/athletes/44576934,435,"2708,1383,1420"
HUYS Laurens,https://www.strava.com/pros/3418802,436,1482
HVIDEBERG Jonas Iversby,https://www.strava.com/athletes/3625441,437,1420
IACCHI Alessandro,https://www.strava.com/athletes/4672076,438,1181
IBARGUREN Oier,,439,
IMPEY Daryl,https://www.strava.com/pros/1714205,440,"2738,1335,1293,1207,1090,1411"
INKELAAR Kevin,https://www.strava.com/athletes/9678215,441,"4723,3814,5638"
IRISARRI Jon,https://www.strava.com/pros/4000084,442,1111
IRIZAR Julen,,443,"4831,2736"
IRVINE Declan,,444,1430
ISHIGAMI Masahiro,,445,4014
ITURRIA Mikel,https://www.strava.com/athletes/1398975,446,"4044,4831,2736"
IZAGIRRE Gorka,,447,"3814,1375,4415,1144,2040,1176"
IZAGIRRE Ion,,448,"1176,4044,1375,3814,2040"
JACOBS Johan,https://www.strava.com/pros/461374,449,"1366,2040,2378"
JAIME Álex,,450,7807
JAKOBSEN Fabio,,451,"1328,2702"
JANSE VAN RENSBURG Reinardt,https://www.strava.com/pros/3952107,452,"1293,1360"
JANSEN Amund Grøndahl,https://www.strava.com/athletes/4203551,453,"1317,1398,1330,1207"
JANSSENS Jimmy,https://www.strava.com/athletes/1644299,454,"1100,1651,2113"
JAUREGUI Quentin,https://www.strava.com/pros/4334886,455,"1346,1060,1100,4627"
JENSEN August,https://www.strava.com/athletes/18311935,456,"4014,1363,2738,1382"
JERMAN Žiga,,457,"5638,1333,2925"
JOHANSEN Julius,,458,"1420,1383"
JONES Taj,https://www.strava.com/athletes/11516170,459,"6694,2738,4892"
JORGENSON Matteo,https://www.strava.com/athletes/557974,460,"2040,1227"
JOYCE Colin,https://www.strava.com/athletes/3418221,461,"1458,1235"
JUARISTI Txomin,,462,4831
JULES Justin,,463,"4014,1482,1639,1963"
JULLIEN Anthony,https://www.strava.com/pros/2987896,464,1060
JUNGELS Bob,https://www.strava.com/pros/49597893,465,"1328,1060,1258,1513"
JUUL-JENSEN Christopher,,466,"4009,1207,2884"
KÄMNA Lennard,https://www.strava.com/pros/27117126,467,"1411,1445,1360"
KAMP Alexander,https://www.strava.com/athletes/14899637,468,"1383,4009,1258,1607,1382,1445,1130"
KAMSTRA Brian,https://www.strava.com/pros/6033817,469,1430
KANGERT Tanel,,470,"1060,4000,1375,1207"
KANTER Max,,471,"1264,1360,3831"
KEISSE Iljo,https://www.strava.com/pros/2835838,472,"1328,1453,1104"
KELDERMAN Wilco,https://www.strava.com/pros/479385,473,"1330,1411,1331,1360"
KEUKELEIRE Jens,https://www.strava.com/pros/8075081,474,"1136,1207,2088,4000"
KING Ben,http://www.strava.com/athletes/50757,475,"4000,1258,1335,1235,1458,1293"
KIRSCH Alex,https://www.strava.com/pros/2590526,476,"1513,4009,1482,1445,1258"
KLÆBO Johannes Høsflot,,477,1420
KLUGE Roger,https://www.strava.com/pros/22377272,478,"1570,2088,1207,1264,1411,1360,1283"
KNOX James,https://strava.com/athletes/2260636,479,"1328,2755"
KOCH Jonas,https://www.strava.com/pros/4067146,480,"1103,1120,2368,1490,1264,2171,1514"
KOCHETKOV Pavel,https://www.strava.com/athletes/79025475,481,"1508,1233,1333,1223,1103"
KONOVALOVAS Ignatas,https://www.strava.com/athletes/3481562,482,"6578,1126,4014,2040,1187,1293"
KONRAD Patrick,https://www.strava.com/pros/4571461,483,"1436,1805,1411,1337,1461"
KONYCHEV Alexander,https://www.strava.com/athletes/26816676,484,"1207,3105"
KOOIJ Olav,,485,"1330,6016"
KRAGH ANDERSEN Asbjørn,,486,"1130,1360,1607,4014"
KRAGH ANDERSEN Søren,https://www.strava.com/athletes/27682210,487,"1607,1360"
KREDER Wesley,https://www.strava.com/pros/18606095,488,"1473,2690,1331,1185,1490"
KREUZIGER Roman,,489,"1375,2325,2884,1207,1293,1508"
KRIEGER Alexander,,490,"1513,2171,1393,2207,1100"
KRISTOFF Alexander,https://www.strava.com/athletes/9232885,491,"1103,4009,1398,1253,1233"
KRON Andreas,https://www.strava.com/athletes/8783869,492,"2088,1382"
KRUIJSWIJK Steven,https://www.strava.com/pros/3056059,493,"1331,1473,1330"
KUDUS Merhawi,https://www.strava.com/athletes/50750582,494,"1375,1293"
KULSET Kristian,https://www.strava.com/athletes/1783594,495,1420
KULSET Sindre,,496,1420
KÜNG Stefan,https://www.strava.com/pros/133606,497,"1103,1187"
KUSS Sepp,https://www.strava.com/athletes/254096,498,"1235,1330"
KUSZTOR Péter,,499,"1123,1078,1430,1093,2230"
KUZMIN Anton,https://www.strava.com/athletes/16044924,500,"1508,1515,2918"
KUZNETSOV Viacheslav,https://www.strava.com/athletes/17253258,501,"1223,1233,1508"
KWIATKOWSKI Michal,,502,"1328,1111,1423,1335"
LAAS Martin,https://www.strava.com/pros/2111315,503,"1411,2407,4014"
LADAGNOUS Matthieu,https://www.strava.com/athletes/7348371,504,1187
LAENGEN Vegard Stake,,505,"1253,1107,1398,1570,1430"
LAFAY Victor,https://www.strava.com/athletes/3311860,506,1136
LAMMERTINK Maurits,https://www.strava.com/athletes/11477652,507,"1233,2690,1153,1185,1403,1490"
LAMPAERT Yves,https://www.strava.com/pros/2916067,508,"1453,1328"
LANDA Mikel,,509,"3814,4044,1176,2040,1423,1375"
LANGEVELD Sebastian,,510,"1360,4000,1207,1330,1473"
LAPORTE Christophe,https://www.strava.com/pros/3834960,511,1136
LARSEN Niklas,,512,"1420,1383,1607"
LASTRA Jonathan,https://www.strava.com/athletes/8089198,513,1111
LATOUR Pierre,https://www.strava.com/pros/7347052,514,"1175,1060"
LAWLESS Chris,https://www.strava.com/athletes/295073,515,"1423,1458,1175,2755,1336"
LAZKANO Oier,https://www.strava.com/athletes/9567228,516,1111
LE GAC Olivier,https://www.strava.com/pros/1836077,517,1187
LE TURNIER Mathias,https://www.strava.com/pros/3175306,518,"4014,1136"
LECROQ Jérémy,,519,"1346,4627"
LEDANOIS Kévin,https://www.strava.com/pros/16365616,520,1107
LEEMREIZE Gijs,,521,"1330,6016"
LEKNESSUND Andreas,https://www.strava.com/athletes/5474979,522,"1420,1360"
LEMOINE Cyril,https://www.strava.com/pros/1880115,523,"4627,6578,1136,1351,5496,1360"
LEYSEN Senne,https://www.strava.com/athletes/2922866,524,"2690,1100,1902"
LIENHARD Fabian,https://www.strava.com/athletes/19161146,525,"4961,1516,1436,1187"
LIEPINŠ Emils,https://www.strava.com/pros/10163092,526,"2744,1482,3960,1066,1258"
LIETAER Eliot,https://www.strava.com/athletes/1631175,527,"4627,1453,1482"
LINDEMAN Bert-Jan,https://www.strava.com/pros/7038403,528,"1330,1244,1153,1293,1185,1331,1403"
LIVYNS Arjen,https://www.strava.com/pros/1614461,529,"4861,1902,2690,1482,2378"
LOBATO Juan José,,530,"1330,3949,2040,4831,1122,1176"
LONARDI Giovanni,https://www.strava.com/athletes/7806936,531,"1122,3345"
LOPEZ Diego,,532,"7807,4831"
LÓPEZ Jordi,,533,7807
LÓPEZ Juan Pedro,https://www.strava.com/athletes/3098895,534,"4723,1258"
LÓPEZ Miguel Ángel,,535,"1375,2040"
LÓPEZ-CÓZAR Juan Antonio,https://www.strava.com/athletes/7097988,536,"2736,1109,4831"
LOUVEL Matis,https://www.strava.com/pros/6860614,537,1107
LOWNDES Jason,,538,
LOZANO David,,539,1430
LUDVIGSSON Tobias,https://www.strava.com/pros/2420222,540,"1187,1771,1360"
LUTSENKO Alexey,https://www.strava.com/athletes/19220743,541,"1515,1375"
MADAN Ahmed,,542,"3814,6017"
MÄDER Gino,https://www.strava.com/athletes/19914823,543,"1293,3814"
MADOUAS Valentin,https://www.strava.com/pros/2404608,544,1187
MADRAZO Ángel,https://www.strava.com/pros/1870992,545,"2040,1111,4014,1109"
MAESTRI Mirco,https://www.strava.com/pros/23666757,546,3345
MAITRE Florian,,547,1175
MAJKA Rafal,,548,"1411,2884,1253"
MALECKI Kamil,https://www.strava.com/athletes/63711651,549,"2088,1120,1103"
MALUCELLI Matteo,https://www.strava.com/athletes/1732923,550,"1511,2925,2355,1111"
MANNION Gavin,https://www.strava.com/athletes/277422,551,"1235,1238,1458,1164,1227,1211"
MANZIN Lorrenzo,https://www.strava.com/athletes/7172433,552,"1187,4627,1175"
MARCATO Marco,https://www.strava.com/pros/6898466,553,"1185,1374,1148,1372,2325,1490,1402,1253"
MARCHIORI Leonardo,,554,"3105,2925"
MARCZYNSKI Tomasz,https://www.strava.com/pros/12876219,555,"1185,1280,1123,1120,2088,1455"
MARECZKO Jakub,https://www.strava.com/athletes/4929761,556,"1103,1181"
MARENGO Umberto,https://www.strava.com/athletes/2652993,557,"3345,1181"
MARIT Arne,https://www.strava.com/pros/37379741,558,"1944,1453"
MÄRKL Niklas,https://www.strava.com/athletes/15508012,559,"1360,3831"
MARQUEZ Marti,,560,7807
MARTENS Paul,https://www.strava.com/pros/1675856,561,"1330,1360"
MARTIN Dan,,562,"1253,1328,4000,2738"
MARTÍN Gotzon,https://www.strava.com/athletes/13233761,563,4831
MARTIN Guillaume,https://www.strava.com/pros/2992543,564,"1136,1490"
MARTÍN Sergio Roman,https://www.strava.com/athletes/3209994,565,1111
MARTIN Tony,https://www.strava.com/athletes/41036001,566,"1330,1233,1216,1328,1449"
MARTINELLI Davide,,567,"1328,1375"
MARTÍNEZ Daniel Felipe,,568,"4000,1181,1141,1423"
MAS Enric,,569,"2040,1328,1805"
MAS Lluís,https://www.strava.com/pros/1592337,570,"1111,1109,2040"
MASNADA Fausto,https://www.strava.com/athletes/12312263,571,"2925,1328,1103"
MATÉ Luis Ángel,https://www.strava.com/pros/2730001,572,"3949,2925,4831,1136"
MATTHEWS Michael,https://www.strava.com/pros/2468821,573,"1207,1330,1397,1360"
MAZZUCCO Fabio,https://www.strava.com/athletes/23212100,574,"2735,3345,2355"
MCCABE Travis,https://www.strava.com/athletes/367688,575,"1409,1516,2738,5648,1211"
MCLAY Daniel,https://www.strava.com/athletes/34780520,576,"1107,3101,4000"
MCNULTY Brandon,https://www.strava.com/athletes/1126469,577,"1235,1253"
MEEUS Jordi,,578,"2702,1411"
MEINTJES Louis,https://www.strava.com/athletes/18340568,579,"1490,1293,1253"
MEISEN Marcel,https://strava.com/athletes/1053827,580,"2394,2663,1100"
MENDEZ Daniel Alejandro,,581,7807
MENTEN Milan,https://www.strava.com/pros/2219780,582,"1453,1482"
MERLIER Tim,https://www.strava.com/pros/5727288,583,"2378,1100,1366,1902"
MERTENS Julian,https://www.strava.com/pros/3983163,584,1453
MERTZ Rémy,https://www.strava.com/pros/2604562,585,"2088,1533,1482"
MEURISSE Xandro,https://www.strava.com/pros/10545603,586,"1100,1069,1490,2378"
MEYER Cameron,,587,"4000,1361,1207,1293,3927"
MEZGEC Luka,https://www.strava.com/pros/3613487,588,"1207,1333,1360,1352"
MILAN Jonathan,,589,"3814,6076"
MINALI Riccardo,https://www.strava.com/athletes/15718993,590,"1490,2738,1375,4014"
MIRZA Yousif,https://www.strava.com/athletes/14227221,591,"3080,1160,1253"
MODOLO Sacha,https://www.strava.com/pros/27129740,592,"3345,4000,1253,1100"
MOHORIC Matej,,593,"2325,1352,4000,3814,1253"
MOLANO Juan Sebastián,https://www.strava.com/athletes/9836996,594,"2998,1141,1253"
MOLARD Rudy,https://www.strava.com/pros/1759446,595,"1187,1136"
MOLENAAR Alex,https://www.strava.com/pros/21183491,596,"1109,1153,2364"
MOLLEMA Bauke,https://www.strava.com/athletes/63336895,597,"1330,1258,1331"
MOLLY Kenny,https://www.strava.com/pros/7285895,598,"1533,1805,1482"
MONACO Alessandro,https://www.strava.com/athletes/26981365,599,3345
MONIQUET Sylvain,https://www.strava.com/athletes/10888294,600,"2088,5638,1533"
MORA Sebastián,,601,"1419,1273,2040,1142,1111"
MORENO Ivan,,602,7807
MORICE Julien,https://www.strava.com/pros/5106272,603,"4627,1175"
MORIN Emmanuel,https://www.strava.com/athletes/9180611,604,1136
MØRKØV Michael,https://www.strava.com/pros/9695585,605,"1391,1328,2884,1233"
MORTON Lachlan,https://www.strava.com/pros/3813861,606,"4000,1293,1227,1554"
MOSCA Jacopo,https://www.strava.com/athletes/63401004,607,"1258,2420,1181"
MOSCHETTI Matteo,https://www.strava.com/athletes/18788312,608,"1258,4723"
MOSCON Gianni,https://www.strava.com/athletes/3100044,609,1423
MOZZATO Luca,,610,"4627,3105"
MÜHLBERGER Gregor,,611,"1461,2040,1337,1411"
MULLEN Ryan,https://www.strava.com/pros/307079,612,"1358,4000,1258,1069"
MULLER Gabriel,,613,"1109,1384,6126"
MUNDAY Samuel,,614,1430
MUÑOZ Cristian Camilo,,615,"1253,1617"
MUÑOZ Daniel,,616,"2925,1463,2998"
MURGUIALDAY Jokin,https://www.strava.com/pros/22327987,617,1111
MURPHY Kyle,,618,"3104,1235,2556,1137"
NAESEN Lawrence,https://www.strava.com/pros/439826,619,"1482,2113,1060,2088"
NAESEN Oliver,https://www.strava.com/pros/440227,620,"2113,1060,1453,1570"
NAKANE Hideto,https://www.strava.com/athletes/21235737,621,"1122,1062,4014,4000"
NARVÁEZ Jhonatan,,622,"1423,1458,1805,1328"
NATAROV Yuriy,https://strava.com/athletes/14368061,623,"2918,1375,1515"
NEILANDS Krists,https://www.strava.com/pros/12243285,624,"2738,3960,1458"
NEKRASOV Denis,https://www.strava.com/athletes/25206273,625,1508
NIBALI Antonio,https://www.strava.com/pros/1785181,626,"1122,2264,1258,3814"
NIBALI Vincenzo,https://www.strava.com/pros/8842341,627,"2325,3814,1258,1375,1182"
NICOLAU Joel,https://www.strava.com/pros/7540381,628,1111
NIEUWENHUIS Joris,https://www.strava.com/athletes/2935665,629,"1331,1360,3831"
NIEVE Mikel,,630,"4044,1176,1207,1423"
NIV Guy,https://www.strava.com/athletes/4748635,631,2738
NIZZOLO Giacomo,,632,"1258,1293"
NOPPE Christophe,https://www.strava.com/pros/1964619,633,"1107,1453"
NORSGAARD Mathias,https://www.strava.com/pros/3983783,634,"3007,2040,1382,2702"
NOVAK Domen,https://www.strava.com/athletes/667297,635,"1058,3814"
NOVIKOV Savva,https://www.strava.com/athletes/15131615,636,"1512,1120,7807"
NYCH Artem,https://www.strava.com/athletes/27139866,637,"1508,2133"
O'CONNOR Ben,https://www.strava.com/athletes/4097457,638,"1197,1060,2727,1293"
OKA Atsushi,,639,"4014,1101"
OKAMIKA Ander,https://www.strava.com/athletes/1679088,640,1109
OLDANI Stefano,https://www.strava.com/athletes/20031685,641,"4723,2088"
OLIVEIRA Ivo,https://www.strava.com/athletes/3520134,642,"1253,1458"
OLIVEIRA Nelson,https://www.strava.com/pros/1366105,643,"1495,1335,1258,2040,1253"
OLIVEIRA Rui,https://www.strava.com/athletes/6274194,644,"1458,1253"
OOMEN Sam,https://www.strava.com/athletes/4258317,645,"1331,1360,1330"
ORONTE Emerson,https://www.strava.com/pros/664724,646,"1409,1235,1227"
ORRICO Davide,https://www.strava.com/athletes/1220401,647,"1436,1181,2735"
ORTS Felipe,https://strava.com/athletes/15684915,648,1109
OSORIO Alejandro,https://www.strava.com/athletes/14566526,649,"1122,6363,1111"
OSORIO Juan Felipe,https://www.strava.com/athletes/33069913,650,"3143,1109,2998,1974"
OSS Daniel,https://www.strava.com/pros/690926,651,"2325,1103,1411"
OURSELIN Paul,https://www.strava.com/pros/1679361,652,1175
OWEN Logan,https://www.strava.com/pros/439230,653,"4000,1458"
OWSIAN Lukasz,https://www.strava.com/athletes/20332275,654,"1107,1120,1103"
PAASSCHENS Mathijs,https://www.strava.com/athletes/2543430,655,1482
PACHER Quentin,https://www.strava.com/pros/1401877,656,"4627,1969,4014"
PACIONI Luca,,657,"2925,4723,1181"
PADUN Mark,,658,3814
PAJUR Markus,https://www.strava.com/athletes/8490080,659,"1107,6209"
PALZER Anton,https://www.strava.com/pros/30466500,660,1411
PAQUOT Tom,https://www.strava.com/pros/6324145,661,"1533,1482"
PARET-PEINTRE Aurélien,https://www.strava.com/pros/1821678,662,1060
PARRA José Félix,,663,7807
PASQUALON Andrea,https://www.strava.com/athletes/28803734,664,"2264,1490,2420,3345"
PEÁK Barnabás,https://www.strava.com/pros/7650668,665,"1207,4997,2702"
PEARSON Daniel,,666,"1181,3866,2755,3894"
PEDERSEN Casper,https://www.strava.com/athletes/17999372,667,"1360,3007,3866,1382"
PEDERSEN Mads,https://www.strava.com/athletes/30350488,668,"4009,1258,1445"
PEDRERO Antonio,,669,"2728,2040"
PELIKÁN János,,670,"1123,2925,4920,2230"
PELLAUD Simon,https://www.strava.com/pros/1783166,671,"2925,2407,4961,1570,1078"
PELUCCHI Matteo,,672,"1175,1198,1570,3345,1293,1411,2925"
PEÑALVER Manuel,https://www.strava.com/pros/18233538,673,"2355,1109"
PEREZ Anthony,https://www.strava.com/athletes/1678917,674,1136
PÉRICHON Pierre-Luc,https://www.strava.com/pros/12388271,675,"1107,1136,4014"
PERNSTEINER Hermann,,676,"2230,3814"
PERON Andrea,,677,1430
PERRY Benjamin,https://www.strava.com/athletes/812782,678,"2239,1375,6694,2738"
PETELIN Jan,,679,"1384,1181"
PETERS Nans,https://www.strava.com/pros/1662541,680,1060
PETILLI Simone,https://www.strava.com/athletes/1847503,681,"2420,1490,2355,1253"
PETIT Adrien,https://www.strava.com/pros/5070415,682,"1175,1136"
PEYSKENS Dimitri,https://www.strava.com/athletes/1747204,683,"1651,1482,1963"
PFINGSTEN Christoph,,684,"1473,1330,1411"
PHILIPSEN Jasper,https://www.strava.com/pros/1727324,685,"1253,1100,1458"
PHIPPEN Logan,,686,1430
PICCOLI James,https://www.strava.com/pros/1703812,687,"2761,2738,3031,3332"
PICCOLO Andrea,,688,"2214,1375"
PICHON Laurent,https://www.strava.com/pros/4046772,689,"1187,1107"
PIDCOCK Thomas,https://www.strava.com/pros/16345903,690,"1423,2755"
PINOT Thibaut,http://www.strava.com/pros/1603067,691,1187
PLANCKAERT Baptiste,https://www.strava.com/athletes/1644494,692,"1490,1233,1482,1255,1346"
PLANCKAERT Edward,https://www.strava.com/pros/31541211,693,"1100,1453"
PLANET Charles,,694,"2417,1430"
POELS Wout,https://www.strava.com/athletes/37745230,695,"1328,1185,1423,3814"
POGACAR Tadej,,696,"1253,1333"
POLANC Jan,https://www.strava.com/athletes/10166206,697,"1253,1333"
POLI Umberto,,698,1430
POLITT Nils,https://www.strava.com/pros/2592883,699,"2738,1233,1445,1411"
PORTE Richie,https://www.strava.com/pros/6072239,700,"1423,1197,2884,1258,1103"
PÖSTLBERGER Lukas,https://www.strava.com/pros/16697560,701,"1461,1411,1337"
POWER Robert,,702,"1293,1360,1207"
POWLESS Neilson,https://www.strava.com/pros/1557033,703,"4000,1458,1330"
POZZOVIVO Domenico,https://www.strava.com/athletes/6800300,704,"3345,1293,1060,3814"
PRADES Eduard,https://www.strava.com/pros/9389733,705,"1111,4014,1072,2040,1273,1800,2736"
PRICE-PEJTERSEN Johan,,706,"1420,1383"
PRODHOMME Nicolas,https://www.strava.com/pros/5201565,707,1060
PRONSKIY Vadim,,708,"1375,1515,2422"
PUCCIO Salvatore,https://www.strava.com/pros/3068615,709,1423
QUARTERMAN Charlie,https://www.strava.com/pros/1616670,710,"1258,1513"
QUINTANA Dayer,,711,"1181,2040,1107"
QUINTANA Nairo,https://www.strava.com/athletes/16921436,712,"1105,1141,2040,1107"
RAJOVIC Dušan,,713,"1058,4014"
RAVANELLI Simone,,714,"2925,2355,6362"
RAVASI Edward,,715,"1253,4723"
REICHENBACH Sébastien,https://www.strava.com/pros/850495,716,"1187,1078,1570"
REIJNEN Kiel,https://www.strava.com/pros/283433,717,"1211,1258,1430,1227"
RENARD Alexis,https://www.strava.com/pros/5915515,718,2738
REPA Vojtech,,719,"6458,7807"
RESELL Erik Nordsaeter,https://www.strava.com/athletes/972735,720,1420
RESTREPO Jhonatan,https://www.strava.com/athletes/3433850,721,"1233,2925,2998"
REX Laurenz,https://www.strava.com/athletes/77293819,722,"1533,1482"
REYNDERS Jens,https://metro.strava.com/pros/2490121,723,"1513,1453,1533,1458"
REZA Kévin,https://www.strava.com/pros/3989143,724,"4627,1175,1187"
RIABUSHENKO Alexandr,https://www.strava.com/athletes/15178847,725,1253
RICCITELLO Matthew,,726,
RICHARDSON Alexander,https://www.strava.com/pros/7033791,727,"1100,3894,2744"
RICHEZE Maximiliano,,728,"1253,1122,1328,3345"
RICKAERT Jonas,https://www.strava.com/pros/2738100,729,"1100,1453"
RIES Michel,https://www.strava.com/athletes/2676267,730,"1258,4723"
RIESEBEEK Oscar,https://www.strava.com/pros/1126609,731,"1331,1268,1100,2690"
RIKUNOV Petr,https://www.strava.com/athletes/36639209,732,1508
RIOU Alan,https://www.strava.com/athletes/4548902,733,1107
RIVERA Brandon Smith,https://www.strava.com/athletes/1769294,734,"6363,1423"
RIVERA Kevin,https://www.strava.com/athletes/19317173,735,"3345,2925"
RIVI Samuele,,736,"1461,4723"
ROBEET Ludovic,https://www.strava.com/athletes/3564229,737,"1533,1482"
ROBERGE Adam,,738,
ROCHAS Rémy,https://www.strava.com/athletes/3286366,739,"4014,1136"
ROCHE Nicolas,https://www.strava.com/athletes/29960839,740,"1136,6578,1423,1360,1103,1060,2884"
RODENBERG Frederik,,741,"1383,3007,1420"
RODRIGUEZ Carlos,,742,1423
RODRÍGUEZ Cristián,https://www.strava.com/athletes/9796680,743,"1111,1181,1175"
RODRÍGUEZ Óscar,https://www.strava.com/pros/4776556,744,"2736,1375"
ROGLIC Primož,,745,"1058,1330"
ROJAS José Joaquín,https://www.strava.com/athletes/5180371,746,"1375,2040"
ROLLAND Pierre,https://www.strava.com/pros/3586046,747,"6578,4000,4627,1175"
ROMO Javier,,748,1375
ROOSEN Timo,https://www.strava.com/pros/1515613,749,"1330,1331"
ROPERO Alejandro,,750,4723
ROSA Diego,https://www.strava.com/pros/25190926,751,"1375,1107,2925,1423"
ROSSKOPF Joey,https://www.strava.com/pros/285611,752,"1235,1409,1103,1516,1430"
ROTA Lorenzo,https://www.strava.com/pros/5387245,753,"1490,3345,1181,2355"
ROUX Anthony,https://www.strava.com/athletes/23265407,754,1187
ROVNY Ivan,https://www.strava.com/athletes/13065971,755,"1335,2884,1777,1508,1233"
ROWE Luke,https://www.strava.com/pros/785450,756,1423
RUBIO Diego,https://www.strava.com/pros/2255099,757,"1111,1089,1109"
RUBIO Einer Augusto,https://www.strava.com/athletes/13090041,758,2040
RUIZ Ibon,,759,7807
RUMAC Josip,https://www.strava.com/athletes/7309300,760,"1277,1905,1805,1058,2925"
RUSSO Clément,https://www.strava.com/athletes/2905866,761,1107
RUTSCH Jonas,,762,"4000,2663"
SABATINI Fabio,https://www.strava.com/athletes/35731524,763,"1136,1328,1283,2325"
SÁEZ Héctor,https://www.strava.com/pros/7990731,764,"2736,1111"
SAGAN Juraj,,765,"2325,2884,1411,1165"
SAGAN Peter,,766,"1411,1165,2325,2884"
SAGIV Guy,,767,2738
SAIDOV Ulugbek,,768,"1430,2417"
SAJNOK Szymon,https://www.strava.com/athletes/39834967,769,"2442,1103,1120,1136"
SALMON Martin,https://www.strava.com/athletes/13232489,770,"3831,1360"
SAMITIER Sergio,https://www.strava.com/pros/3804129,771,"2736,2040"
SÁNCHEZ Luis León,,772,"1375,1261,1330,2040,1111"
SANCHEZ Pelayo,,773,1109
SANCHEZ Sofia,,774,6092
SANZ Enrique,,775,"1181,2040,2736,1419,7807"
SARREAU Marc,https://www.strava.com/pros/4259094,776,"1060,1187"
SAUGSTAD Lars,https://www.strava.com/athletes/4449223,777,1420
SAVINI Daniel,https://m.strava.com/athletes/4529953,778,3345
SBARAGLI Kristian,https://www.strava.com/athletes/2006007,779,"1100,2738,1293"
SCARONI Cristian,https://www.strava.com/athletes/18777210,780,"5638,1508"
SCHACHMANN Maximilian,,781,"1449,1805,1411,2367,1328"
SCHÄR Michael,https://www.strava.com/pros/296808,782,"1314,1375,1060,1103"
SCHELLING Ide,,783,"1411,2702"
SCHELLING Patrick,https://www.strava.com/pros/1059089,784,"2738,1436,1078,1570,1322"
SCHILLINGER Andreas,https://www.strava.com/pros/14588610,785,"1411,1424,1284"
SCHMID Mauro,https://www.strava.com/pros/16876637,786,"5649,1293,1513"
SCHNEITER Joab,https://www.strava.com/pros/4402594,787,"1181,5649,4961"
SCHÖNBERGER Sebastian,https://www.strava.com/athletes/10045754,788,"1337,2745,1461,1181,4627"
SCHULTZ Nick,https://www.strava.com/pros/358580,789,"1207,2702,1111"
SCHWARZMANN Michael,,790,1411
SCOTSON Callum,,791,"3927,1207,2407"
SCOTSON Miles,https://www.strava.com/pros/37431444,792,"1187,2407,1103"
SCULLY Tom,,793,"4000,1164,1419,1737,1554"
SEIGLE Romain,,794,1187
SELIG Rüdiger,https://www.strava.com/athletes/26565115,795,"1411,1233"
SÉNÉCHAL Florian,https://strava.com/athletes/32860766,796,"1805,1136,1328"
SEPÚLVEDA Eduardo,https://www.strava.com/pros/13194699,797,"2925,1107,2040"
SERRANO Gonzalo,https://www.strava.com/pros/3948047,798,"1111,2040"
SERRY Pieter,https://www.strava.com/pros/1832492,799,"1453,1228,1328"
SEVILLA Diego Pablo,,800,4723
SHALUNOV Evgeny,https://www.strava.com/athletes/36558465,801,"1508,1512"
SHEFFIELD Magnus,https://www.strava.com/athletes/12291626,802,1235
SICARD Romain,,803,"1175,4044,1176"
SIEBERG Marcel,https://www.strava.com/pros/2398500,804,"1373,1216,1437,1283,3814,2088"
SIMEONI Elis,,805,1921
SIMMONS Quinn,https://www.strava.com/athletes/4375151,806,1258
SIMON Julien,https://www.strava.com/pros/2237545,807,"6578,1351,1175,1136"
SINKELDAM Ramon,https://www.strava.com/pros/17916554,808,"1187,1331,1360"
ŠIŠKEVICIUS Evaldas,,809,"1351,4014"
SIVAKOV Pavel,https://www.strava.com/pros/1808024,810,1423
SKAARSETH Anders,https://www.strava.com/athletes/994688,811,"1420,1398"
SKAARSETH Iver,https://www.strava.com/athletes/5946819,812,1420
SKJELMOSE JENSEN Mattias,,813,"1513,1258"
SKUJINŠ Toms,,814,"4014,3960,1258,4000,1516"
SLEEN Torjus,https://www.strava.com/athletes/18760483,815,1420
SMIT Willie,https://www.strava.com/pros/1706312,816,"1233,1122,1109"
SMITH Dion,https://www.strava.com/pros/1323252,817,"1490,2744,1207,1516"
SOBRERO Matteo,https://www.strava.com/athletes/7181420,818,"3105,1293,1375"
SOLER Marc,https://www.strava.com/pros/1996868,819,2040
SOSA Iván Ramiro,https://www.strava.com/athletes/13590474,820,"2925,1423"
SOTO Antonio Jesus,,821,4831
SOUPE Geoffrey,https://www.strava.com/pros/2159156,822,"1175,1187,1136"
SPRENGERS Thomas,https://www.strava.com/pros/1408559,823,1453
STACCHIOTTI Riccardo,https://www.strava.com/athletes/9003530,824,"1181,1122,4912"
STALNOV Nikita,https://www.strava.com/athletes/8901896,825,"1515,1375,2918"
STANNARD Robert,https://www.strava.com/athletes/6394625,826,"3927,1207"
STEELS Stijn,https://www.strava.com/pros/1325926,827,"1255,1902,2690,1453,1328,1228,1326"
STEIMLE Jannik,,828,"1328,1337,1436"
STEWART Jake,https://www.strava.com/pros/17096447,829,"5638,1187"
STOJNIC Veljko,,830,"4997,1181"
STOKBRO Andreas,https://www.strava.com/pros/4107267,831,"1293,1382"
STORER Michael,https://www.strava.com/pros/17191487,832,"3927,1360"
STORK Florian,https://www.strava.com/athletes/33232423,833,"1360,3032,3831"
STRAKHOV Dmitry,https://www.strava.com/athletes/24843600,834,"1233,1508,1512"
STUYVEN Jasper,https://www.strava.com/pros/288335,835,"1458,1258"
ŠTYBAR Zdenek,,836,"1328,1440"
SUNDERLAND Dylan,https://www.strava.com/pros/1660424,837,"1293,2733,3907,1197,4890"
SUREDA Jaume,https://www.strava.com/athletes/2067908,838,1109
SUTER Joel,,839,"1482,2264"
SUTHERLAND Rory,,840,"1331,1211,2738,2884,2040,1253,1330"
SÜTTERLIN Jasha,https://www.strava.com/pros/2582117,841,"2040,1449,1360"
SWEECK Diether,https://www.strava.com/athletes/722257,842,"2378,2394,1366,1100"
SWEENY Harry,https://www.strava.com/athletes/743112,843,"1944,5643,2088,3927"
SWIFT Ben,https://www.strava.com/pros/1476851,844,"1253,1233,1423"
SWIFT Connor,https://www.strava.com/pros/863203,845,"1737,1107"
SWIRBUL Keegan,,846,"1458,1235,1333,1227,5648"
TAARAMÄE Rein,https://www.strava.com/athletes/13248583,847,"1136,1233,1175,1375,1490"
TAGLIANI Filippo,https://www.strava.com/athletes/3542239,848,"2925,6251"
TAMINIAUX Lionel,https://www.strava.com/athletes/12478124,849,"1482,1100,1533"
TANFIELD Harry,https://www.strava.com/pros/1138679,850,"3029,3894,1060,1336,1293,1233"
TEJADA Harold,https://www.strava.com/athletes/11225647,851,"1463,3925,1375"
TERPSTRA Niki,http://www.strava.com/pros/340874,852,"1328,1283,1175,1081,1153,1462"
TESFATSION Natnael,,853,"3105,2925"
TEUNISSEN Mike,https://www.strava.com/pros/1419979,854,"1360,1331,1330"
TEUNS Dylan,,855,"1103,3814,1228"
THEUNS Edward,https://www.strava.com/pros/1668485,856,"1453,1360,1258"
THIJSSEN Gerben,https://www.strava.com/pros/3417988,857,2088
THOMAS Benjamin,https://www.strava.com/athletes/1700745,858,"1187,1969"
THOMAS Geraint,,859,"1423,1090"
THWAITES Scott,https://www.strava.com/pros/269031,860,"1100,1293,4922,1170,1411"
TIBERI Antonio,https://www.strava.com/athletes/13764349,861,"2214,1258"
TILLER Rasmus,https://www.strava.com/athletes/3905720,862,"1420,1398,1293"
TOLHOEK Antwan,,863,"1330,1331,2690"
TONELLI Alessandro,https://www.strava.com/athletes/3194779,864,3345
TORRES Albert,https://www.strava.com/athletes/584854,865,"1198,2040,1419,2728,7174"
TORTOMASI Leonardo,,866,1181
TOUMIRE Hugo,,867,1136
TOUZÉ Damien,https://www.strava.com/athletes/2926114,868,"1136,1096,1060"
TRÆEN Torstein,,869,1420
TRAININI Tomas,https://www.strava.com/athletes/23829738,870,3345
TRARIEUX Julien,https://www.strava.com/athletes/1729691,871,4014
TRATNIK Jan,,872,"1461,3814,1333,1328,2230,1120"
TRENTIN Matteo,,873,"1253,1328,1103,1207"
TROIA Oliviero,https://www.strava.com/athletes/1311227,874,1253
TULETT Ben,https://www.strava.com/athletes/8358827,875,1100
TUREK Daniel,https://www.strava.com/pros/2716222,876,"1337,2738,6694"
TURGIS Anthony,https://www.strava.com/athletes/5123163,877,"1175,1136"
TUSVELD Martijn,http://www.strava.com/pros/648928,878,"1331,1360,2690"
UIJTDEBROEKS Cian,,879,1411
ULISSI Diego,,880,1253
UMBA Santiago,,881,2925
URÁN Rigoberto,https://www.strava.com/pros/1514397,882,"2040,1328,3355,1423,1464,4000"
URBANO Carmelo,https://www.strava.com/pros/3776960,883,1111
URIANSTAD Martin,https://www.strava.com/athletes/13682757,884,1420
VACEK Karel,https://www.strava.com/athletes/26479654,885,"1458,2214,1293"
VACEK Mathias,,886,1508
VAHTRA Norman,https://www.strava.com/athletes/28007299,887,2738
VAKOC Petr,https://www.strava.com/pros/327434,888,"1100,1805,1328,1076"
VALGREN Michael,https://www.strava.com/pros/2109462,889,"4009,2884,1293,1375,4000"
VALLÉE Boris,https://www.strava.com/pros/5968580,890,"1490,2088,1533,1107,1482"
VALLS Rafael,,891,"3814,1198,1109,2088,1253,2040,1185"
VALTER Attila,https://www.strava.com/athletes/3046537,892,"4920,1103,1120,1187"
VALVERDE Alejandro,https://www.strava.com/athletes/25407057,893,"2040,1236"
VAN AERT Wout,https://www.strava.com/pros/189040,894,"2378,1330,1440,1902"
VAN ASBROECK Tom,https://www.strava.com/pros/387215,895,"4000,1330,1453,2738"
VAN AVERMAET Greg,http://www.strava.com/pros/287820,896,"2088,1104,1060,1103"
VAN BAARLE Dylan,https://www.strava.com/pros/490505,897,"1331,1423,4000"
VAN DEN BERG Julius,https://www.strava.com/pros/1651134,898,"4000,2702"
VAN DEN BERG Lars,https://metro.strava.com/pros/17170741,899,"1187,1268,5638"
VAN DEN BOSSCHE Fabio,https://www.strava.com/athletes/1867924,900,1453
VAN DER HOORN Taco,https://www.strava.com/athletes/676750,901,"1330,1490,1473,2690"
VAN DER POEL David,https://www.strava.com/pros/542394,902,1100
VAN DER POEL Mathieu,https://www.strava.com/pros/559834,903,1100
VAN DER SANDE Tosh,https://www.strava.com/pros/1750959,904,2088
VAN DER TUUK Danny,,905,"7807,1268"
VAN ELZAKKER Wout,https://www.strava.com/athletes/4581235,906,"1181,1384"
VAN EMDEN Jos,https://www.strava.com/pros/7660926,907,"1330,1153,1331"
VAN EMPEL Etienne,https://www.strava.com/pros/1149352,908,"1181,2690,1331"
VAN GARDEREN Tejay,https://www.strava.com/pros/3391355,909,"1331,1103,4000,1216"
VAN GENECHTEN Jonas,https://www.strava.com/athletes/1905101,910,"1570,2088,4627,1482,1490,1208,1136"
VAN GESTEL Dries,https://www.strava.com/athletes/13142575,911,"1175,1453"
VAN GILS Maxim,https://www.strava.com/pros/19005138,912,"1944,2088"
VAN HOECKE Gijs,http://www.strava.com/pros/1615119,913,"1330,1453,1060,1103"
VAN HOOYDONCK Nathan,https://www.strava.com/athletes/1164101,914,"1103,1458,1330"
VAN KESSEL Corné,https://www.strava.com/pros/957045,915,"1490,1440"
VAN LERBERGHE Bert,https://www.strava.com/athletes/3647574,916,"1328,1136,1228,1453"
VAN MELSEN Kévin,https://www.strava.com/pros/4227606,917,"1267,1490"
VAN MOER Brent,https://www.strava.com/athletes/3855537,918,2088
VAN POPPEL Boy,https://www.strava.com/athletes/52520116,919,"1490,1258,2690,1185,1211,1331"
VAN POPPEL Danny,https://www.strava.com/pros/994476,920,"1490,1330,1185,1331,1423,1258"
VAN POUCKE Aaron,https://www.strava.com/pros/7967844,921,1453
VAN ROOY Kenneth,,922,1453
VAN WILDER Ilan,https://www.strava.com/athletes/13125039,923,1360
VAN WINDEN Dennis,https://www.strava.com/pros/2021447,924,"1330,2738,1905,5226,1331"
VANBILSEN Kenneth,https://www.strava.com/athletes/2393015,925,"1453,1136,1326,1069"
VANDENABEELE Henri,https://www.strava.com/athletes/6398824,926,"1944,1360,3831"
VANDEPUTTE Niels,https://strava.com/athletes/8201227,927,8393
VANENDERT Jelle,,928,"1340,1453,2088,1482,1104,1187"
VANHOOF Ward,https://www.strava.com/athletes/14929135,929,"1453,1944"
VANHOUCKE Harm,https://www.strava.com/pros/3416738,930,2088
VANMARCKE Sep,,931,"1453,4000,2738,1330,1228"
VANSEVENANT Mauri,,932,1328
VANSPEYBROUCK Pieter,,933,"1453,1490"
VAUQUELIN Kevin,https://www.strava.com/athletes/24668658,934,1107
VELASCO Simone,https://www.strava.com/pros/522423,935,"1508,3345,1181"
VENCHIARUTTI Nicola,,936,"6076,2925"
VENDRAME Andrea,,937,"2925,2264,1060"
VENNER Quentin,https://www.strava.com/athletes/6547917,938,"1533,1482"
VENTURINI Clément,https://www.strava.com/pros/1932146,939,"1136,1060"
VERGAERDE Otto,https://www.strava.com/pros/3123001,940,"1100,1453,1493,1902"
VERMAERKE Kevin,https://www.strava.com/athletes/29140444,941,"1458,1360"
VERMEERSCH Florian,https://www.strava.com/athletes/9421925,942,"1944,2088,2378"
VERMEERSCH Gianni,https://www.strava.com/pros/1978998,943,"1100,1366,1902"
VERONA Carlos,http://www.strava.com/pros/1405137,944,"2040,1207,1328,1109"
VERSCHAEVE Viktor,https://www.strava.com/pros/3092222,945,"1944,2088"
VERVAEKE Louis,https://www.strava.com/pros/1123635,946,"1360,1228,1100,2088"
VERVLOESEM Xandres,https://www.strava.com/athletes/20187980,947,"1944,3831,2088"
VERWILST Aaron,https://www.strava.com/pros/13084830,948,1453
VIEGAS Daniel,,949,4723
VIEL Mattia,https://www.strava.com/athletes/3005446,950,"4921,2925,2355"
VIGO Martí,,951,2925
VILLELLA Davide,https://www.strava.com/pros/1756844,952,"4000,2325,1375,2040"
VINE Jay,https://www.strava.com/athletes/4057312,953,"6698,1100"
VINGEGAARD Jonas,https://www.strava.com/athletes/10495058,954,"1383,1330"
VINJEBO Emil,https://www.strava.com/athletes/1675720,955,"1607,1293,4009,3007,1382,1383"
VISCONTI Giovanni,https://www.strava.com/pros/2957348,956,"2040,1328,1162,1283,3345,1181,3814"
VIVIANI Attilio,https://www.strava.com/athletes/12726147,957,"2735,1136"
VIVIANI Elia,https://www.strava.com/pros/26837991,958,"1136,1328,1423,2325"
VLASOV Aleksandr,https://www.strava.com/athletes/19916624,959,"1375,1508"
VLIEGEN Loïc,https://www.strava.com/athletes/2333960,960,"1490,1533,1103"
VUILLERMOZ Alexis,https://www.strava.com/pros/1934385,961,"1351,1060,1175"
WACKERMANN Luca,https://www.strava.com/pros/18849972,962,"3345,1181,1253,3080,4723"
WÆRENSKJOLD Søren,https://www.strava.com/athletes/17599254,963,"1420,1398"
WÆRSTED Syver,,964,1420
WALLAYS Jelle,https://strava.com/athletes/16345356,965,"1453,1136,2088"
WALLS Matthew,,966,1411
WALSCHEID Max,https://www.strava.com/pros/2323575,967,"2663,1293,1445,1360"
WALSLEBEN Philipp,https://www.strava.com/pros/704876,968,"1308,5164,1212,1100"
WANDAHL Frederik,,969,"1383,1411"
WARBASSE Larry,https://www.strava.com/pros/197359,970,"3866,1570,1060,1103"
WARLOP Jordi,https://www.strava.com/pros/19342022,971,1453
WEEMAES Sasha,https://www.strava.com/athletes/1375135,972,1453
WELLENS Tim,https://www.strava.com/pros/366860,973,2088
WELTEN Bram,https://www.strava.com/athletes/16358800,974,1107
WHELAN James,https://www.strava.com/pros/3356275,975,"3895,4000"
WILLEMS Thimo,https://www.strava.com/athletes/23710274,976,1453
WILLIAMS Stephen,https://www.strava.com/athletes/1109766,977,"1336,2702,3814"
WIRTGEN Luc,,978,"1513,1533,1482"
WIRTGEN Tom,https://www.strava.com/athletes/27053365,979,"1513,1533,1482"
WISNIOWSKI Lukasz,https://www.strava.com/pros/3756850,980,"1328,1423,1103,1293,1805"
WOODS Michael,https://www.strava.com/pros/425147,981,"4000,1235,2738,1779,1238,3332"
WRIGHT Fred,https://www.strava.com/pros/25495602,982,3814
WURF Cameron,https://www.strava.com/pros/430673,983,"2325,1134,1423,1198,1132,1098,1436,2925"
WÜRTZ SCHMIDT Mads,https://www.strava.com/athletes/2109406,984,"4009,2738,1233,1383,1607"
WYNANTS Maarten,https://www.strava.com/pros/576925,985,"1328,1453,1104,1330"
YATES Adam,http://www.strava.com/pros/259171,986,"1207,1423"
YATES Simon,http://www.strava.com/pros/278282,987,1207
ZABEL Rick,https://www.strava.com/pros/2557063,988,"1103,2738,1233,1331"
ZACCANTI Filippo,https://www.strava.com/athletes/3396365,989,"3345,1122"
ZAKARIN Ilnur,,990,"1223,1103,1508,1233"
ZAKHAROV Artyom,,991,"2918,2422,1375"
ZANA Filippo,https://www.strava.com/athletes/39169689,992,"2735,2355,3345"
ZANONCELLO Enrico,https://www.strava.com/athletes/4941184,993,"3345,6251"
ZARDINI Edoardo,https://www.strava.com/athletes/3689004,994,"3345,1181"
ZEITS Andrey,https://www.strava.com/activities/577057091,995,"1375,1207"
ZHYHUNOU Dzmitry,,996,"4831,2580"
ZIMMERMANN Georg,https://www.strava.com/athletes/5284986,997,"1337,1103,1461,1490"
ZINGLE Axel,https://www.strava.com/athletes/6973093,998,4014
ZOCCARATO Samuele,https://www.strava.com/athletes/9135247,999,"4961,2214,3345"
ZUKOWSKY Nickolas,,1000,"2239,1235,5648"
ZWIEHOFF Ben,https://www.strava.com/pros/1118391,1001,1411
FELLMANN Daniel-Jonas,,1002,7606
FREULER Jan-André,,1003,"7606,3332"
HÄSSIG Marco,,1004,7606
HUMM Daniel,,1005,7606
JANS Roy,https://www.strava.com/athletes/1015750,1006,"1482,2113,1100,1069,1490"
KUNZ Dominic,,1007,7606
LANGELLOTTI Victor,https://www.strava.com/pros/1454785,1008,1109
NAVARRO Daniel,,1009,"1375,1109,2738,1261,2884,1233,1136"
NUHA Blerton,,1010,7606
PARPAN Dominik,,1011,7606
PONOMAR Andrii,https://www.strava.com/athletes/24521924,1012,2925
SCHMID Diego,,1013,7606
STEINER Jan,,1014,7606
STÖCKLI Jan,,1015,7606
VORRIAS Ioannis,,1016,"7606,1438,5681"
ZÜRCHER Kevin,,1017,7606
RÄIM Mihkel,https://www.strava.com/pros/2469093,1090,
YECHEZKEL Aviv,,1091,
PLAZA Rubén,,1092,
ENGER Sondre Holst,,1093,
LEMUS Luis,https://www.strava.com/athletes/1150402,1094,
DEMPSTER Zak,https://www.strava.com/athletes/365015,1095,
GOLDSTEIN Roy,https://www.strava.com/athletes/1492619,1096,
SCHREURS Hamish,https://www.strava.com/athletes/5943644,1097,
WILLIAMS Tyler,,1098,
DUNNE Conor,https://www.strava.com/athletes/759393,1099,
OVETT Freddy,,1100,
LAHAV Omer,,1101,
ARRIETA Igor,,1102,
BARONCINI Filippo,,1103,
BONILLO Iker,,1104,
BONNET Thomas,,1105,
COBO Iván,,1106,
COLNAGHI Luca,https://www.strava.com/athletes/9781378,1107,
DAUPHIN Florian,,1108,
DE LIE Arnaud,https://www.strava.com/athletes/28980231,1109,
DELPHIS Thomas,,1110,
GROß Felix,,1111,
HELLEMOSE Asbjørn,https://www.strava.com/athletes/5502015,1112,
HESSMANN Michel,,1113,
HOOLE Daan,,1114,
JEANNIERE Emilien,,1115,
JOHANNESSEN Anders Halland,,1116,
JOHANNESSEN Tobias Halland,,1117,
JOUSSEAUME Alan,,1118,
LAGRÉE Adrien,,1119,
LAPEIRA Paul,,1120,
LAURANCE Axel,,1121,
LE BERRE Mathis,,1122,
MULUBRHAN Henok,,1123,
PARET-PEINTRE Valentin,,1124,
PIETERSE Puck,,1125,
RETAILLEAU Valentin,,1126,
VAN DIJKE Mick,,1127,
VERMOTE Julien,,1128,
VOISARD Yannis,https://www.strava.com/athletes/6743305,1129,
HOLLYMAN Mason,,1130,
BOUCEK Jakub,,1131,
MACKELLAR Alastair,,1132,
ABU-FARES Saned,,1133,
PICKRELL Riley,,1134,
GOLDSTEIN Edo,,1135,
PLAMONDON Robin,,1136,
